id,sequence,classe
AF093014.1/662-809,CACUUUAAGUAAUGGAUGUCUUGGUUCUCAUAACGAUGAAGGACGCAGCAAAGUGCGAUAAGCAAUGUGAACUGCAUAAUUCUAUGAACAAUCAGAUCUCUCAACGCAAAUAGCAGUAAUUUACAUUACUAUAUUUAUAUCAGUGUCU,RF00002
M14649.1/2015-2169,AACUUUCAGCGACGGAUGUCUCGGCUCGAACAACGAUGAAGGGCGCAGCGAAAUGUGAUAAGCAAUGUGAAUUGCAGAAUUCCGUGAACCAAUAGGGACUUGAACGUAUACUGCGCUUUCGGGAUAUCCCUGAAGGCAUGCCUGCUUCAGUGUCU,RF00002
X53361.2/1206-1368,ACCUGUUGUGGUGGAUGUCUUGGCCCAGGUUCUGAGGAAGGACACAGCAGCCUUGCGAUACGUUCGGUGAUACGCAGAGUCUUGUGAUCUGGACAAAGGAACAGCUUCGAACGCAACUGGCCAGCAAGGGGUUCCCCCCCGAGCUGCCUGUGCGCCAGUGUUG,RF00002
M86760.1/218-371,AACUUUCAGCAAUGGAUCUCUUGGUUCCCGCGUCGAUGAAGAACGUGGCAAAAUGCGAUAAGUAGUGUGAAUUGCAGAAUUCAGUGACUCAUCGAAUUUUUGAACGCAUAUUGCGCUCCUCAGUAUUCUGUGGAGCAUGCCUGUUUGAGCGUCA,RF00002
X00601.1/3997-4154,AAGCAUAAACGGUGAAUACCUCGACUCCUAAAUCGAUGAAGACCGUAGCAAACUGCGAUAAUUCACUUGAAUUGCAGCCUACUGGGAUAGUUGAAAUGUUGAACGCACAUGAUGACAUCGGUCCUUUCGGAUUAGGUGUUAUACUUGGGUGAGAGUGG,RF00002
U48228.1/7-166,CAAUCUUAACGAUGGAUGUCUUGGUUCCUAUAGCGAUGAAGGCCGCAGCAAAGUGCGAUAUGCAAUGAAAAAUGCAAUUACUGUGAAUCAUCAGAAUGCUGAAUGUAAACUAUACCAUAUUUACCCUUAUGGGCAAAUUAACGUGGUAUUCCUACAGAAA,RF00002
U58510.1/2022-2198,AACCCUAGUGAUGGAUGUCUAGGCUCCCGUAUCGAUGAAGAACGUAGCAGAAAGCGACAUGCGAUGAUACGCGCAUAGACCAGGAUUCCGCGGACUCGUGAAUCAUUGAAUCUUCGAACGCAUCUGGCGCUCAGCAGUGGAGCCGUAGCAGGCUGAGCAUGCCCUGGAGUAGUGACA,RF00002
AL049755.2/30863-31016,AACUUUCAGCAACGGAUCUCUUGGCUCUCGCAUCGAUGAAGAACGCAGCGAAAUGCGAUACGUAAUGUGAAUUGCAGAAUUCCGUGAAUCAUCGAAUCUUUGAACGCACAUUGCGCCUUUGGGUUCUACCAAAGGCAUGCCUGUUUGAGUGUCA,RF00002
U13369.1/6624-6776,GACUCUUAGCGGUGGAUCACUCGGCUCGUGCGUCGAUGAAGAACGCAGCUAGCUGCGAGAAUUAAUGUGAAUUGCAGGACACAUUGAUCAUCGACACUUCGAACGCACUUGCGGCCCCGGGUUCCUCCCGGGGCUACGCCUGUCUGAGCGUCG,RF00002
V01159.1/185-331,ACCGUUGGGCGAUGGAUUGCUUGGUGCCUGCUUCGACGAAGAGCGCAGUGAAACGCGAUAACUUUUGUGACUCGCACUCUCUGUGAUCAACGUCUCCUUGAACAUUAGUGCGGCCUUGCCUUCGGGCACUGGCCCCCUUGGGAUGCC,RF00002
X60705.1/112-265,AACUUUUAACAACGGAUCUCUUGGCUCUAGCAUCGAUGAAGAACGCAGCGAAACGCGAUAUGUAGUGUGAAUUGCAGAAUUCAGUGAAUCAUCGAAUCUUUGAACGCACAUGGCGCCUUCCAGUAUCCUGGGAGGCAUGCCUGUCCGAGCGUCG,RF00002
U35394.1/2008-2158,AACUUUUGACGAUGGAUCUCUCGGCUCUCUCAUCGAUGAAGAACGUAGUAGAAUGCGAUACAUAAUGUGAAUUGCAAAUCCUGUGAAUCAUUGAGUUUUUGAACGCACAUUGCACCGACAGUUUACUGUUGGUUUGUUUGUUUGAAUUGCU,RF00002
AF196778.1/2-154,AACUUUAAGCAAUGGAUCACUUGGUUCUCGCAUCGAUGAAGAACGUAGCAAAUUGCGAAAAGUAAUGCGAUCUGCAACCUUUGCGAAUCAUCGAAUUCUCGAACGCAUCUUGCACCCUUUGGUCAUCCAAUGGGUACGUCUAGUUCAGUAUCU,RF00002
AF158724.1/274-427,GACUCUUAACGGUGGAUCACUCGGCUCGCGAGUCGAUGAAGGACGCAGCCAAGUGCGAGAAGUAAUGUGAAUUGCAGAACACAUUGAACGUCGACCUUCUGAACGCGAAUUGCGGUCUCGGGUCAAUCCCGGGACCGCGUCUGCCUCAGGGUCG,RF00002
X60210.1/1-148,ACCGUUAGGCGAUGGAUUGCUGGGUACCCGCUUCGACGAAGAGCGCAGUGAAACGCGAUAACGCUUGUGAUUCGCACUCUCUGUGAUCAACGUCACCUCGAACAUCGAUGCGGCCUUGCCUUCGGGCACUGGCCCCCCUGGUUUGCCU,RF00002
X52949.1/857-993,ACGCCCCGCCGGCGGAUGCCUCGGCCCGGGCGGCGACGAAGAGCGCGGCGGAGCGCGAGACGCGGUGCGGACCCGCCCGCCCCGAGAAGCACCGACCCUCGAACGCAGCGCGCCCCGGCGCCGCCGCCUCGGCGCCC,RF00002
AF223570.1/244-389,AAUUUUCAACGAUGGAUGUCUUGGCUCCCAUAUCGAUGAAGAACGCAGCUAGAAUGCGAUAUGCAGUGUGAAUUGCAGAACCACGAAUCAUCGGAUCUUUGAACGCAACUGGCGCUGAUAAACUCAGCAUACUUGCUUCAGUGUGC,RF00002
X15589.1/256-410,GACUCUCGGCAACGGAUAUCUCGGCUCUCGCAUCGAUGAAGAACGUAGCGAAAUGCGAUACUUGGUGUGAAUUGCAGAAUCCCGUGAACCAUCGAGUCUUUGAACGCAAGUUGCGCCCGAAGCCGUUACGCGAGGGCACGUCUGCCUGGGCGUCA,RF00002
D10840.1/200-355,GACUCUCGGCAACGGAUAUCUCGGCUCUCACAUCGAUGAAGAACGUAGCGAAAUGCGAUACUUGGUGUGAAUUGCAGAAUCCCGUGAACCAUCGAGUCUUUGAACGCAAGUUGCGCCCCAAGCCUUCUGGCCGAGGGCACGUCUGCCUGGGUGUCA,RF00002
D16558.1/2710-2862,AACUUUCAGCGACGGAUGUCUUGGCUCCCACAACGAUGAAGAACGCAGCGAAAUGCGAUACGUCUUGCGACUUGCAGAAUCCAGUGAAUCAUCAAAACUUUGAACGCAUCUGCGUUCCGGGAUAUGCCUGGGAGCAUGCUUGUCGGAGUGUCU,RF00002
X75430.1/2186-2339,AAUUUUCAGCAAUGGAUGUCUUGGCUCGCGCAACGAUGAAGGACGCAGCGAACUGCAAACGCAAUGUGAAUUGCAGAAUUCAGUGAAUCAUCAGAUUUCUGAACGCAAAUGGCACCUUGGGGAUAUUCUCCUUGGUACGUCUGUUUCAGUGUCU,RF00002
X01533.1/5-152,AACUUUCAACGGUGGAUAUCUUGGUUCCCGUGACGAUGAAGAACGCAGCGAAAUGCGAUACGUAAUGCGAAUUGCAGAACCGCGAGUCAACAGAUCUUUGAAAGCAAGUGGUGGAGGUGUAAAAACCUUCAUGUUUGUAUUAGUGUGG,RF00002
U09322.1/209-362,AACUUUCAACAACGGAUCUCUUGGUUCUCGCAUCGAUGAAGAACGCAGCGAAUUGCGAUAAGUAUUGUGAAUUGCAGAUUUUCGUGAAUCAUCGAAUCUUUGAACGCACAUUGCGUCCUCUGGUAUUCCAGGGGGCAUGCCUGUUUGAGCGUCA,RF00002
M36008.1/959-1112,GACUCUUAGCGGUGGAUCACUCGGCUCGUGCGUCGAUGAAGAACGCAGCUAGCUGCGAGAAUUAGUGUGAAUUGCAGGACACAUUGAUCAUCGACACUUCGAACGCACCUUGCGGCCCCGGGUUCCUCCCGGGGCUACGCCUGUCUGAGGGUCG,RF00002
U10409.1/2025-2178,AACUUUCAGCAACGGAUCUCUUGGUUCUCGCAUCGAUGAAGAACGCAGCGAAUUGCGAUAAGUAAUGUGAAUUGCAGAUUUUCGUGAAUCAUCGAAUCUUUGAACGCAUAUUGCGCUCUAUAGUAUUCUAUAGAGCAUGCCUGUUUGAGCGUCA,RF00002
AF468917.1/611-763,AACUCGUAACGGUGGAUGUCUCGGCUCCUACAUCGAUGAAGAACGUAGCAAACUGCGAAACGUAAUGCGAAUUGCAGAACUCGUGAAUCAUCAAAUUUUUGAACGCAAGUGGCGCUCGCGGGUAACCCUGCGAGCAUGUCUGUUUGAGUGUCC,RF00002
X66325.1/2369-2523,GACUCUCGGCAACGGAUAUCUUGCUCUCGCAUCGAUGAAGAACGUAGCGAAAUGCGAUACUUGGUGUGAAUUGCAAGAUCCCGUGAACCAUCGAGUCUUUGAACGCAAGUUGCGCCCCAAGCCUUCUGGCCGAGGGCACGUCUGCCUGGGUGUCA,RF00002
AB021684.1/14108-14260,GACUCUCAGCAACGGAUAUCUUGGCUCCCGCAACGAUGAAGAACGCAGCGAAAUGCGAUAUCUAGUGUGAAUUGCAGAAUUCCGCGAAUCAUCGAGUUUUUGAACGCAUGUUGCGCCCGAGGCUUUGCCGAGGGCAUGUCUGCCUGAGCGUCA,RF00002
AF306774.1/466-634,AACGUGUCGCGAUGGAUGACUUGGCUUCCUAUUUCGUUGAAGAACGCAGCAAAGUGCGAUAAGUGGUAUCAAUUGCAGAAUCAUUUCAUUGCCCAAUCUUUGAACGCAAACGGCGCAUGGGAGAAGCUCUCUCGAGCCAUCCCCGUGCAUGCCACAUUUCUCAGUGUCG,RF00002
L78065.1/3758-3910,AACCCUAGGCAGGGGAUCACUCGGCUCAUGGAUCGAUGAAGACCGCAGCUAAAUGCGCGUCAGAAUGUGAACUGCAGGACACAUGAACACCGACACGUUGAACGAUAUUGCGCAUUGCACGACUCAGUGCGAUGUACACAUUUUUGAGUGCCC,RF00002
Y07976.1/124-271,CACUUUCAGCAACGGAUGUCUCGGUUCCCAUAACGAUGAAGAACGCAGCGAAAUGCGAUACGUAAUGCGAAACGCAUCAGUAGUGAGUCAUCGAAACUUUGAACGCAACUUGCACUUCCCUUUGGGGAGUAUAUCUAUUGGAGUGUCU,RF00002
AF223571.1/210-358,AACCUUCAACGGUGGAUGUCUUGGCUCUCAUAUCGAUGAAGAACGCAGCAAAGUGCGAUAAGCAAUGCGAAUUGCAGACCGUGAGUCAUUAGAAUUUCGAAAGCAAUCUGCACCUCCGCCUAGCGAGAGGUAUGUCUGCUUCAGUGUUC,RF00002
Y00055.1/4327-4494,AACGUGUCGCGAUGGAUGACUUGGCUUCCUAUCUCGUUGAAGAACGCAGUAAAGUGCGAUAAGUGGUAUCAAUUGCAGAAUCAUUCAAUUACCGAAUCUUUGAACGCAAACGGCGCAUGGGAGAAGCUCUUUUGAGUCAUCCCCGUGCAUGCCAUAUUCUCAGUGUCG,RF00002
AF223066.1/5881-6030,GACUCUCGGCAACGGAUAUCUCGGCUCUCGCAUCGAUGAAGAACGUAGCGAAAUGCGAUACUUGGUGUGAAUUGCAGAAUCCCGUGAACCAUCGAGUCUUUGAACGCAAGUUGCGCCCGAAGCCACUAGGGCACGUCUGCCUGGGCGUCA,RF00002
AF403508.1/235-389,AACUUUCAGCAGUGGAUGUCUAGGCUCGCACAUCGAUGAAGAACGCUGCGAACUGCGAUACGUAAUGCGAAUUGCAGGAUUCAGUGAGUCAUCGAAAUUUUGAACGCAUAUUGCACUUCCGGGUUAGUCCUGGGAGUAUGCCUGUAUCAGUGUCC,RF00002
Y07974.1/75-229,AACUUUCAGCAACGGAUGUCUUGGCUCCCACAACGAUGAAGAACGCAGCGAAAUGCGAUACGUAAUGCGAAUUGCAGAAUUCCGCGAGUCAUCAAACCUUUGAACGCACCUUGCGCUUUCGGGAUAUGCCCGUUAGCAUGUUUGUUGGAGUGUCU,RF00002
AB011808.1/289-442,AACUUUCAACAACGGAUCUCUUGGUUCUCGCAUCGAUGAAGAACGCAGCGAAAUGCGAUACGUAAUGUGAAUUGCAGAAUUCCGUGAAUCAUCGAAUCUUUGAACGCACAUUGCGCCCCUUGGUAUUCCAGGGGGCAUGCCUGUUUGAGCGUCA,RF00002
X80346.1/67-220,AACUUUCAGCGAUGGAUAUCUUGGCUCUCGCAACGAUGAAGAACGCAGCGAAAUGCGAUACGUAAUGCGAAUUGCAGAAUUCAGUGAAUCAUCAAAACUUUGAACGCAAAUUGCGCUUCCGGGUAUCCCUGGGAGCAUGCCUGUAUGAGUGUCU,RF00002
AF422961.1/176-329,AACUUUCAACAACGGAUCUCUUGGUUCUGGCAUCGAUGAAGAACGCAGCGAAAUGCGAUAAGUAAUGUGAAUUGCAGAAUUCAGUGAAUCAUCGAAUCUUUGAACGCACAUUGCGCCCGCCGGUAUUCCGGCGGGCAUGCCUGUUCGAGCGUCA,RF00002
AF319429.1/172-325,AACUUUCAACAACGGAUCUCUUGGCUCUCGCAUCGAUGAAGAACGCAGCGAAAUGCGAUAAGUAAUGUGAAUUGCAGAAUUCAGUGAAUCAUCGAAUCUUUGAACGCACCUUGCGCUCCUUGGUAUUCCGAGGAGCAUGCCUGUUUGAGUGUCA,RF00002
X80212.2/2104-2256,AACUCUCAGCAACGGAUAUCUUGGCUCUUGCAACGAUGAAGAACGCAGCGAAAUGCGAUACGUAGUGUGAAUUGCAGAAUUCCGCGAAUCAUCGAGUUUUUGAACGCAAGUUGCGCCCGAGGCUCGUCCGAGGGCAUUCCUGCCAGAGCGUCA,RF00002
AF169230.1/225-380,GACUCUCGGCAACGGAUAUCUCGGCUCUCGCAUCGAUGAAGAACGUAGCGAAAUGCGAUACCUGGUGUGAAUUGCAGAAUCCCGUGAACCAUCGAGUCUUUGAACGCAAGUUGCGCCCGAGGCCAUCCGGCCGAGGGCACGCCUGCCUGGGCGUCA,RF00002
Z32848.1/2558-2712,AACUUUCAGCAACGGAUCUCUUGGCUCUCGCAUCGAUGAAGAACGCAGCGAAAUGCGAUACGUAAUGUGAAUUGCAGAAUUCCGUGAAUCAUCGAAUCUUUGAACGCACAUUGCGCCUUUGGGUUAUUCCCAAAGGCAUGCCUGUUUGAGUGUCA,RF00002
AJ229062.1/241-389,AACUUUCAACAACGGAUCUCUUGGUUCUCGCAUCGAUGAAGAACGCAGCGAAAUGCGAUACGUAAUGUGAAUUGCAGAAUUCCGUGAAUCAUCGAAUCUUUGAACGCACAUUGCGCCCCUUGGUAUUCCAGGGGGCAUGCCUGUUUGAG,RF00002
AF444327.1/152-305,AACUUUCAACAACGGAUCUCUUGGCUUCCACAUCGAUGAAGAACGCAGCGAAAUGCGAUAAGUAAUGUGAAUUGCAGAAUUCAGUGAAUCAUCGAGUCUUUGAACGCAACUUGCGCCCUUUGGUAUUCCGAAGGGCAUGCCUGUUUGAGAGUCA,RF00002
AF307619.1/287-442,GACUCUCGGCAACGGAUAUCUCGGCUCUCGCAUCGAUGAAGAACGUAGCGAAAUGCGAUACUUGGUGUGAAUUGCAGAAUCCCGUGAACCAUCGAGUCUUUGAACGCAAGUUGCGCCCCAAGCCUUCUGGCCGAGGGCACGUCUGCCUGGGUGUCA,RF00002
X13842.1/1-152,ACCUGGCCGGGGGAAGUCGGUGAUCAAGACGGCCGAGUCCCUAGUUGGGGAACCUCUCCUGCACUUGAGAGGGGCUCCUUCUAUGAUUGCCUUCGGGUAACUCAACGGCAUAAUUUGUGAUAGCGUGGGGUGCGCUUGUCGCGCCCUGCAUU,RF00003
X55773.1/387-534,ACUUACCUGGCAUGAGUUUCUGCAGCACAAGAAUUGUGGAGACUCAGUUAUUUGUCUUGGCAUUGCACUGAGCCCUGACGAAUAACUGUGGACUGGCUAAGGUCAGCUCCGGAUGCAUCAUUUUUGAGUUCGUCCCUCAUUUGGGGCA,RF00003
X63783.1/598-755,AAUUACAAUGUUGUAGUUAGCUAUAUAUCAAAAAAUAUAGCAACUAAGGUGGAGCAAGUCAUUGUACUAAAGAUGUUUGUAAUACCUUGAUGUUCCCGCUGGGAGCAAUAACAACAAAAUUUCUGAUUGGAAAUAGUCAUUAAACUAACUGGCUAUUU,RF00003
X02585.1/923-1086,AUACUUACCUGGCAGGCGAGAUACCAUGAUCACGAAGGUGGUUCUCCCAGGGCGAGGCUCAGCCAUUGCACUCCGGCUGUGCUGACCCCUGCGAUUUCCCCAAAUGCGGGAAACUCGACUGCAUAAUUUCUGGUAGUGGGGGACUGCGUUCGCGCUUUCCCCUG,RF00003
M73768.1/361-517,AAACUUACCUGGCGCCGGGUUCAGGGUGAUCAGCAAGGCUCCGACCCCAGGUGGAGGCUCAGCAUUGCACUCCGCUGUGUUGAAGCCUGCGACGGACUCUAAUCGGGUUCGCUCGGGUGCAUAGUUUUUGCCAGUGGGGAGCCUUCGGGCGUCCCUU,RF00003
X63783.1/1396-1555,ACUUACCUGGCUGGAGUUAGCUAUCGAUCAUGAAGGGUAGCGGCUUAGGGUGGAGCAGGUCAUUGCACAAAAGAUGUCUGUAAUACCUUAUUGUUCCCCGUGCGGGGAACCGAAACAGCACAAUUUCUGCUAGGGGAGACGUGCACUUAGUGCUGUCUCC,RF00003
X01725.1/69-232,AUACUUACCUGGCGUAGAGGUUAACCGUGAUCACGAAGGCGGUUCCUCCGGAGUGAGGCUUGGCCAUUGCACCUCGGCUGAGUUGACCUCUGCGAUUAUUCCUAAUGUGAAUAACUCGUGCGUGUAAUUUUUGUUAGCCGGGAAUGGCGUUCGCGCCGUCCCGA,RF00003
M14121.1/221-384,AUACUUACCUGGCAGGGGAGAUACCAUGAUCACGAAGGUGGUUUUCCCAGGGCGAGGCUUAUCCAUUGCACUCCGGAUGUGCUGACCCCUGCGAUUUCCCCAAAUGCGGGAAACUCGACUGCAUAAUUUGUGGUAGUGGGGGACUGCGUUCGCGCUCUCCCCUG,RF00003
X14415.1/175-335,UUACUUACCUGGACGGGGUCAAUUGGCGAUCAUGAAGGUCCAUGGCCUAGGUUGGUAACCUCCAUUGCACUUAGGAGAGGUGCCUACCUAAGAUCGGCCCAAGUGGCCGAAUCUACGUCAUAAUUUGUUGCUGAGGGGGCCUGCGUUCGCGCGGCCCCUGC,RF00003
X75936.1/1034-1194,AUACUUACCUGGCGCAGGGGUAGCAUUGAUCAAGAAGGAUGCACCCCCAGGACGAGGCUUGCUAUUGCACACCGGCUCGCUGAAGCUUGCGAUUCCCUCAAACGUAGGGAACUCGGGCGUAUUAUUUAUGGUAGCGGGGAUCUGCGUUCGCGCUAUCCCCU,RF00003
X69331.1/1-139,ACUUACCUGGACGGGGUCGACGGGCGAUCAAGAAGGCCCGUGGCUGGGUCGAUGGCCCACAUUGCACUUGGUGGGUGCGUCGGCCCAUCAUCUCCCCAAGUGGGAGAAUGAACGUCAUAAUUUGUGGUAGAGGGGGUAC,RF00003
Z11883.1/1496-1651,UUACUUACCUGGACGGGGUCAAUGGGCAAUCAAUAAGACCCAUGGCCUAGGUUGGUGACCUCCAUUGCACUUUGGAGGGGUGCCUUCCUAAGGUCGACCCAAGUGGUCGAGCCUAUGUCAUAAUUUGUUGCAGUGGGGGCCAGCGUUCGCGCGGCC,RF00003
X70869.1/1-161,AUACUUACCUGGCCCGCUUCUCGAGGUGGUCACCAUGGCCUCGGUUGUGUGGUCGGUCUUCACCUUGCACUUUGUGAGGGCCUUCCGCAGUCGGCCCUUCGGGUGUCCGGCAGGGCUAAAUUUUUGUUAGGCUGAGGACCCGCGCUAUGCGCGGCCUCGGC,RF00003
J00645.1/51-213,AUACUUACCUGGCAGGGGAGAUACCAUGAUCACGAAGGUGGUUUUCCCAGGGCGAGGUGUAUCCAUUGCAUCCGGAUGUGCUGACCACUGCGAUUUCCCCAAAUGCGGGAAACUCGACUGCAUAAUUUGUGGUAGUGGGGGACUGCGUUUGUGCUCUCCCCUU,RF00003
L22246.1/3195-3357,AGACUUAUUUGGUUGGGAGGAUUUCGUAAUCAGAAGGCGGGACCUCCAUGGCGAGGCUUGGUCAUUGCACUUUCGACCAGGCUGACCAGUGUGGCAGACCCGAGUUGGGAUUGGCCAACAGCAUAAUUUUUGCGUUUGGGGACAGCGUUCGCGCUUCCCCGCG,RF00003
X14417.1/177-340,AUACUUACCUGGACGGGGUCAAUGGGUAAUCAAGAAGUUCCAUGGCCUAGGUUGGUGACCUCCAUUGCACUAAGGAGGGGUGCUUGCCUAAGGUCGACCCAAGUGGUUGAGCCUACGUCAUAAUUUGUUGUUGCAGAGGGGGCCUGUGUUCGCGCAGCCCCUAC,RF00003
X06809.1/232-391,AUACUUACCUGGACGGGGUCAAUGGAUGAUCAAGAAGGUCCAUGGCCUAGGGAAGUAACCUCCAUUGCACUGAGGAGGGGUGCCUUUCUAAGGUCUGUCCAAGUGACAGAGCCUACGUCAUAAUUUGUGGUAGUGGGGGCCUGCGUUCGCGCGGCCCCUU,RF00003
X06880.1/1-162,AUACUUACCUGUCCGGCCUGCGACCUCGAGCAAGAAGGGGGUCUAGGUAGUGCUUGUACCUCGCCUUGUACUAUGCUUGGGGUAGCGCUGUGUGCGGGGCAAGUCCUCGUUACAACGGAAUAAUUUCUGGCAGGCCGUUGCACGCGCUUGCGCGUCCUCGGC,RF00003
X63783.1/2026-2185,ACUUACCUGGCUGGAGUUUGCUAUCGAUCAUGAAGGGUAGCGGCUUAGGGUGGAGCAGGUCAUUGCACAAAAGAUGUCUGUAAUACCUUAUUGUUCCCCGUGCGGGGAACCGAAACAGCACAAUUUCUGCUAGGGGAGACGUGCACUUAGUGCUGUCUCC,RF00003
AE003745.3/26197-26359,UACUUACCUGGCGUAGAGGUUAACCGUGAUCACGAAGGCGGUUCCUCCGGAGUGAGGCUUGGCCAUUGCACCUCGGCUGAGUUGACCUCUGCGAUUAUUCCUAAUGUGAAUAACUCGUGCGUGUAAUUUUUGGUAGCCGGGAAUGGCGUUCGCGCCGUCCCGA,RF00003
X01749.1/448-581,AUACUUACCUGGCGCAGGGGUCGCAUUGAUCAAGAAGGAUGCACCCCCAGGGCGAGGCUUGCCAUUGCACUCCGGCUUGCUGAACCUUGCGAUUCCCCCAAACGUGGGGAACUCGGGCGUACAAUUUAUGGUAG,RF00003
X69334.1/1-160,AUACUUACCUGGACGGGGUCGACGAGCGAUCAAGAAGGCUCGUGGCCUGGGUCAGUGGUCCACAUUGCACUUGGUGGAUGCCUGGCCCACCAUCUCCCCAAGUGGGAGAGUGGAUGUCAUAAUUUGUGGUAGAGGGGGUACGCGUUCGCGCGGCCCCUGC,RF00003
X15928.1/1-160,AUACUUACCUGGAUGGGGUCAAUGGGUGAUCAUGAAGGCCCAUGGCUAGGCAAGUGACUUCCAUUGCACUUAGGAGGGGUGCUUGCCUAAGGUCUACCCAAGUGGUGGAACCUACAUCAUAAUUUGUUGCUGUGGGGGCCUGCGUUCGCGCGGCCCUCUU,RF00003
L22246.1/5536-5699,AACUAACCUGGCUGGGAGGCAUCUCGCGAUCAUGAAGGCGGGACCUCCAUGGCGAGGUUUGGCCAUUGCACUUUCGGCCAGGCUGACCCGUGUGGCAGUCCCGAGUUGGGAUUGGCCAACAGCAUAAUUUUUGCGUUUGGGGACAGCGUUCGCGCUUCCCCGCC,RF00003
Z11883.1/361-516,AUACUUACCUGGACGGGGUCAAUGGACGAUCAAUAAGACCCAUGGCCUAGGUUGGUGACCUCCAUUGCACUUUGGAGGGGUGCCUGCCUAAGGUCGGCCCAAGUGGUCGAGCCUACGUCAUAAUUUGUUGCAGUGGGGGCCUGCGUUCGCGCGGCC,RF00003
X04994.1/647-780,GAUCAAGAAGGAUGCACCCCCAGGGCGAGGCUUGCCAUUGCACUCCGGCUUGCUGAACCUUGCGAUUCCCCCAAACGUGGGGAACUCGGGCGUACAAUUUAUGAUAGCGGAGAUCUGCGUUCGCGCUAUCUCCU,RF00003
X69333.1/1-157,UUACCUGGACGGGGUCGACGAGCGAUCAAGAAGGCUCGUGGCCUAGGUUAGUGGCCCACAUUGCACUUGGUGGGUGCGCUGGCCUAUCAUCUCCCCAAGUGGGAGAGUGAACGUCAUAAUUUGUGGUAGAGGGGGUACGCGUUCGCGCGGCCCCUGC,RF00003
X14419.1/178-338,AUACUUACCUGGACGGGGUCAAUGGGCGAUCAUGAACACCCAUGGCCUAGGUUGGUGACCAUCAUUGCACUUUGAAGGGGUGCCCGCCUAAGGUCGGCCCAAGUGGUCGAGCCUACGUCAUAAUUUGUUGCUGAGGGGGCCUGCGUUCGCGCGGCCCCUGC,RF00003
X69328.1/1-158,ACUUACCUGGACGGGGUCGACGGCCGAUCAAGAAGGGUCGUGGCCUAGAUCAAUGGUCACAUUGCACCUGGUGAGCGCGUUGGCCUACCAUCUCCCCAAGUGGGAGAGUGGACGUCGUAAUUUGUGGUAGAGGGGGUACGCGUUCGCGCGGCCCCUAC,RF00003
M14386.1/106-268,AUACUUACCUGGCAGGGGAGAUACCAUGAUCACGAAGGUGGUUUUCCCAGGGCGAGGCUUAUCCAUUGCACUCCGGAUGUGCUGCCCCUGCGAUUUCCCCAAAUGUGGGAAACUCGACUGCAUAAUUUGUGGUAGUGGGGGACUGCGUUCGCGCUUUCCCCUG,RF00003
M59827.1/771-934,AUACUUACCUGGCAGGGGAGCAUCUGUGAUCAGCAAGGCAGAGCUCCCAGGGUGAGGCUCAUCCAUUGCACAUCGGAUUUGCUGACCCCUGCGAUGUCCCCAAAUGCGGGAUUCUCGACUGUAUUAUUUCUGGUAGUGGGGGACUGCGUUCGCGCUUUCCCCUG,RF00003
L33345.1/2-156,AUACUUACCUGGCAGGGGAGAUACCAUGAUCACGAAGGUGGUUUUCCCAGGGCGAGGCUUAUCCAUUGCACUCCGGAUGUGCUGACCCCUGCGAUUUCCCCAAAUGUGGGAAAACUCGACUGCAUAAUUUGUGGUAGUGGGGGACUGCGUUCGCG,RF00003
X69332.1/1-142,AUACUUACCUGGACGGGGUCGACGAGCGAUCAAGAAGGCUCGUGGCCUAGGUUAGUGGCCCACAUUGCACUUGGUGGGUGCGCUGGCCUAUCAUCUCCCCAAGUGGGAGAGUGAACGUCAUAAUUUGUGGUAGAGGGGGUAC,RF00003
X15927.1/1-160,AUACUUACCUGGAUGGGGUCAAUGGGUGAUCAAGAAGGCCCAUGGCUAGGCAAGUGACCUCCAUUGCACUUAGGAGGGGUGCUAGCCUAAGGUCUACCCAAGUGGUGGAGCCUACAUCAUAAUUUGUUGCUGUGGGGGCCUGUGUUCGCGCGGCCCCCUC,RF00003
AE003745.3/24660-24823,AUACUUACCUGGCGUAGAGGUUAACCGUGAUCACGAAGGCGGUUCCUCCGGAGUGAGGCUUGGCCAUUGCACCUCGGCUGAGUUGACCUCUGCGAUUAUUCCUAAUGUGAAUAACUCGUGCGCGUAAUUUUUGGUAGCCGGGAAUGGCGUUCGCGCCGUCCCGA,RF00003
X14414.1/152-312,AUACUUACCUGGACGGGGUCAAUAGGCGAUCAAUAAGACCCAUGGCCUAGGUUGGUGACCUCCAUUGCACUUUGGAGGGGUGCCAAUCUAAGGUCGGCCCAAGUGGUCGAGCCUACGUCAUAAUUUGUUGCUGUGAGGGCCUGUGUUCGCGCGGCCCCUGC,RF00003
X15926.1/1-161,AUACUUACCUGGAUGGGGUCGAUGGGUGAUCAUGAAGGCCCAUGGCUAGGAUUGUGACCUCCAUUGCACUUAGGAGGGGUGCUUUCCUAAGGUCUACCCAAGUGGUGGAGCCUACAUCAUAAUUUGUUGCCUGAGGGGGCCUGCGUUCGCGCGGCCCCCAC,RF00003
X13841.1/397-552,UACAUACCUGGCCGGGGGAAGUCGGUGAUCAAGACGGCCGAGUCCCUAGUUGGGGUACCUCUCCUGCACUUGAGAGGGGCCCCUUCUAUGAUUGCCUUCGGGUAACUCAACGGCAUAAUUUGUGAUAGCGUGGGGUGCGCUUGUCGCGCCCUGCAU,RF00003
Y00131.1/944-1108,AUACUUACCUGGCAGGGGAGAUACCAUGAUCAUGAAGGUGGUUUUCCCAGGGCGAGGCUCACCCAUUUGCACUGUUGGGGUGUGCUGACCCCUGCGAUUUCCCCAAAUGCGGGAAACUCGAUGCAAAUUUGUGGUAGUGGGGGACUGCGUUCGCGCUCUCCCCUG,RF00003
X06810.1/261-421,AUACUUACCUGGACGGGGUCAAUGGAUGAUCAAUAAGGUCCAUGGCCUAGGGAAGUAACCUCCAUUGCACUUAGGAGGGGUGCUUUCCUAAGGUCUGCCCAAGUGGCAGAGCCUACGUCAUAAUUUGUGGUAGUGGGGGCUUGCGUUCGCGCAGCCCCUUC,RF00003
X14416.1/171-331,AUACUUACCUGGACGGGGUCUAUGGGCGAUCAUGUAGGUCCAUGGCCUAGGUUGGUGACUUUCAUUGCACUUUGGAGGGGUGCCCGCCUAAGAUCAGCCCAAGAGGUUGAGUCUACAUCAUAAUUUGUUGCUGAGGGGGCAUGCGUUCGCGCAGCCCCUGC,RF00003
J03563.1/352-512,AUACUUACCUGGACGGGGUCAAUGGAUGAUCUAUAAGGUCCAUGGCCUAGGGAAGUGACCUUCAUUGCACUCAGAAGGGGUGCUACUCUAAGGUCUGUCCAAGUGAUGGAGCCUACGUCAUAAUUUGUGGUAGUGGGGGCCUGCGUUCGCGCGGCCCCUUA,RF00003
X15930.1/1-195,AUACCUUUCUCGGCCUUUUGGCUAAGAUCAAGUGUAGUAUCUGUUCUUAUCAGUUUAAUAUCUGAUAUGUGGGCCAUUGGUCCACACGAUAUUAAAUUUAUUUCUUGAGGGGAAGAGUCCACCACAAUAGCUUGCUAUUCGGUCUCUUGUGUGUCGCUUUUGCGUUGCACUAUAGCAAUUGCUGGCGCACCCCAC,RF00004
X04246.1/87-278,AUCGCUUCUCGGCCUUAUGGCUAAGAUCAAAGUGUAGUAUCUGUUCUUAUCAGCUUAACAUCUGAUAGUUCCUCCAUUGGAGGACAACAAAUGUUAAACUGAUUUUUGGAAUCAGACGGAGUGCUAGGGGCUUGCUCCACCUCUGUCACGGGUUGGCCCGGUAUUGCAGUACCGCCGGGAUUUCGGCCCAAC,RF00004
L25918.1/1-181,AUCGCUUCUCGGCUCUCUGAGCUAAGAUCAUGUGUAGUAUCUGUUCUUUGCAGUGUAAUUUUGCAACGGGUCUCUAAACUGAGACCAAUAAAUUACCUGUAUUUUUCACCUCCGGACGGGUUGAGCUUGCUCAACCCGUCCACGGGUCGGCCUCGUAUUGCAUUGCCUCGAGGUUGGCUCA,RF00004
AY007788.1/537-679,AUAUCUUCUCGGCUAUUUAGCUAAGAUCAUGUUUAUAAACUGUUCUUAUCAGAGUAACUCCUGAUACUGCCUUCGGGCAAAGGAAUAGAAAUUAUAACUCAAGGUUGUUUCCCUGGAGUUCCACGUUUCCAGGGGAGCAACUC,RF00004
X55772.1/223-412,AUUCUCUCUUUGCCUUUUGGCUUAGAUCAAGUGUAGUAUCUGUUCUUUUCAGUUUAAUCGCUGAAAUCACCUCACUGAGGUGUUUCCGAUUAAUCUUGUUUUUGGUUUGAGUUGGAAAGCCUCUGGCUUGCUAUGCUUUCCGACACUGGUGUUCUUGCUAUUGCACUACUGGCAAGCGACGCCGAAUCUU,RF00004
M14625.1/332-488,AUCUCUUUGCCUUUUGGCUUAGAUCAAGUGUAGUAUCUGUUCUUUUCAGUGUAACAACUGAAAUGACCUCAAUGAGGCUCAUUACCUUUUAAUUUGUUACAAUACACAUUUUUUGGCACCCAAAAUAAUAAAAUGGACGGGAAGAGACUUUUUAAGC,RF00004
M23361.1/1-186,AUUCUCUCUUUGCCUUUUGGCUUAGAUCAAGUGUAGUAUCUGUUCUUUUCAGUUUAAUCGCUGAAAUCACCUCACUGAGGUGUUCCGAUUAAUCUUGUUUUUGGUUUGAGUUGGAAAGCCUCUGGCUUGCUAUGCUUUCCGACACUGGUGUUCUUGCUAUUGCACUUACUGGCAAGCGACGCCGAA,RF00004
X51379.1/254-444,AUCGCUUCUUCGGCUUAUUAGCUAAGAUCAAAGUGUAGUAUCUGUUCUUAUCGUAUUAACCUACGGUAUACACUCGAAUGAGUGUAAUAAAGGUUAUAUGAUUUUUGGAUCCUAGGAAAGACUCGGGGCUUGCUCCGACUUUCCGCGGGUCGUACUGGCGUUGCACUGCUGCCGGGCUCGGCCCAGUCCCC,RF00004
X15936.1/256-455,AUACCUUUCUCGGCCUUUUGGCUAAGAUCAAGUGUAGUAUCUGUUCUUAUCAGUUUAAUAUCUGAUAUGUGAGCCAAUGGUUCACACGAUAUUAAAUUUAUCUCUUGAGGGGGAGAGUCCACUACAAUAGCUUGCUAGCUAUUGGGUCUCUCAAGUGUUGCUUUUGCGUUGCACUAUAGCAAUAGCCCGACACACCCCAC,RF00004
AF053589.1/90-279,CCACCUCUCAAAGCUCAUAGCUUUGAUCAAGUGUAGUAUCUGUUCUUGUCAGUGUGACAGCUGACAAACUAGCUCCUUGGAGCUAGAAUAUGCUGGUGUGUGUGUGGAUGCUUUGACAGGCUUGCUUGUAGGGGCCAUGCACACACCAGGCAGACUCCCGGAAGUUGUUCCGUCCGGAGCUGCACUUUUU,RF00004
L22247.1/6321-6513,AUCGCUUCUCGGCCUAUUGGCUAAGAUCAAAGUGUAGUAUCUGUUCUUAUCAGCUUAAUCUCUGAUAUGUGAUCAACCGAUCACUUCGAGAUUAAUCUAUUUUUGCAACCUUGGAAGGUUCGUAGGGGCUUGCUCCUCGCCUUCCGCGGGUCGACCCGGUAUUGCACCUACCUCCGGGAACGCCCACGCCCCC,RF00004
X51375.1/389-580,AUCGCUUCUUCGGCUUAUUAGCUAAGAUCAAAGUGUAGUAUCUGUUCUUAUCGUAUUAACCUACGGUAUACACUCGAAUGAGUGUAAUAAAGGUUAUAUGAUUUUUGGAACCUAGGGAAGACUCGGGGCUUGCUCUCGANUUCCCAAGGGUCGUCCUGGCGUUGCACUGCUGCCGGNNUCGGCCCANNCCCC,RF00004
U23406.1/206-352,AUAUCUUCUCGGCUAUUUAGCUAAGAUCAUGUUUAUAAACUGUUCUUAUCAGAGUAACUCCUGAUAUUGCCUUCGGGCAAAGGAAUAGAAAUCAUGGUACUAGGUUGUUUCUCUGGAGUUCCACCUUUCCAGGGGAGCAGCUACCUU,RF00004
AF106845.1/1870-2065,AUACCUUUCUCGGCCUUUUGGCUAAGAUCAAGUGUAGUAUCUGUUCUUAUCAGUUUAAUAUCUGAUAUGUGGGCCAUGUGUCUACUUUGAUAUUAAAUUUAUUUUUCGUGGGGGAGAGUCCACCAUAGUGGCUUGCCACUAGGGCCCUCAUGUGUCGCCUAGGCGUUGCACUACAGCCUUGGCUGGUGCACCCCAU,RF00004
X56457.1/243-390,AUAUCUUCUCGGCCAUUUAGCUAAGAUCAAGUUUUUAAACUGUUCUUAUCAGAUUAAUUCCUGAUAUGGGCUUCGUCCCAGGAAUAGAAACCGCUGAUCUCUCAAGUGUUCCUCCGGAGUUUCGCGUGUCCGGAUGGAGCGCUUCCUU,RF00004
X04247.1/87-278,AUCGCUUCUCGGCCUUAUGGCUAAGAUCAAAGUGUAGUAUCUGUUCUUAUCAGCUUAACAUCUGAUAGUUCCUCCAUUGGAGGACAACAAAUGUUAAACUCAUUUUUGGAAUCAGACGGAGUGCUAGGGGCUUGCUCCACCUCUGUCACGGGUUGGCCCGGUAUUGCAGUACCGCCGGGAUUUCGGCCCAAC,RF00004
X56455.1/161-312,AUAUCUUCUCGGCUUUUUAGCUAAGAUCAUGUUUUUAAAAUGUUCUUAUCAGAGUAACUCCUGAUAUUUGCCUUCGGGCAAUUAGGAAUACGAAAUCUUUGAUCACGCGAGUUUUCCUGGAGUUCCACUCUUUCCAGGCGAAGCUCGCCCUU,RF00004
AF047722.1/3099-3243,AUAUCUUCUCGGCUAUUUAGCUAAGAUCAAGUUAUUAAACUGUUCUUAUCAGAGUAACUCCUGAUACGGGCCUUUGGCCCAAGGAUCAAAACUGUUGCCUGUCCCGCGUUCUUCCGGGGUUCCACUUGUCCGGACGGAGCGCGAC,RF00004
X54113.1/230-415,AUCGCUUCUCGGCCUUUUGGCUAAGAUCAUGUGUAGUAUCUGUUCUUUUCAGAAUAAUAUCUGAAAUGCUGCUCAUCGAGCAGCAAGUAUAUUAAUCUGAUUUUUGGAUGAUCGGCCAUGGAAUAGGGGCUUGCCGUCCUGGCCACGGGUUGGCCCGGUUUGCACUACUGCCGGGAUCGGCCACAC,RF00004
M72888.1/1-195,AUACCUUUCUCGGCCUUUUGGCUAAGAUCAAGUGUAGUAUCUGUUCUUAUCAGUUUAAUAUCUGAUAUGUGGGCCAUUGGUCCACACGAUAUUAACUCAAUUUUGUAAGGGGAAGAGUCCAUUAAGGUAGCUUGCUACCUGGGCUCUUGGGCGUCGCCAUGCGUUGCACUACUGCAUGGUCCUGGCGCACCCCAC,RF00004
X58842.1/1-191,AUACCUUCUCGGCCUUUUGGCUAAGAUCAAGUGUAGUAUCUGUUCUUAUCAGUGUGAAAACUGAUACUGUCCCUACUAGGGACAUGUGGUUUCACAUUAAUUUUUCACAGGGGUCGGAUUUACUAGUGGCUUGCCCUAGUCCCGACGCGGUUGCCCUUGGCAUGCACGCUACUAAGGAGCGGCUACCCCUG,RF00004
X51378.1/335-525,AUCGCUUCUUCGGCUUAUUAGCUAAGAUCAAAGUGUAGUAUCUGUUCUUAUCGUAUUAACCUACGGUAUACACUCGAAUGAGUGUAAUAAAGGUUAUAUGAUUUUUGGAACCUAGGGAAGACUCGGGGCUUGCUCCGACUUCCCAAGGGUCGUCCUGGCGUUGCACUGCUGCCGGGCUCGGCCCAGUGCCC,RF00004
X04256.1/85-275,AUCGCUUCUCGGCCUUAUGGCUAAGAUCAAAGUGUAGUAUCUGUUCUUAUCAGCUUAACAUCUGAUAGUUCCUCCAUUGGAGGCAACAAAUGUUAAACUGAUUUUUGGAAUCAGACGGAGUGCUAGGAGCUUGCUCCACCUCUGUCGCGGGUUGGCCCGGUAUUGCAGUACCGCCGGGAUUUUGGCCCAAC,RF00004
M58665.1/571-712,AUAUCUUCUCGGCUAUUUAGCUAAGAUCAUGUUUAUAAACUGUUCUUAUCAGAGUAACUCCUGAUACUGCCUUCGGGCAAAGGAAUAGAAAUUAUAUCUCAAGGUUGUUUCCCUGGAGUUCCACGUUUCCAGGGAGCAACUC,RF00004
X69327.1/1-196,AUACCUUUCUCGGCCUUUUGGCUAAGAUCAAGUGUAGUAUCUGUUCUUAUCAGUUUAAUAUCUGAUAUGUGGGCCAUGUGCCCACAACGAUAUUAAAUUUAUUUUUUAUGGGGGAGGGCCCACCACAGUAGCUUGCUGCUGGGGCCCUUGCGUGUCGCCCAGGCGUUGCACUGCUGCCUGGGCCGGCGCACCCCAC,RF00004
AF326335.1/1-142,AUAUCUUCUCGGCUUUUUAGCUAAGAUCAUGUUUAUAAACUGUUCUUAUCAGAGUAACUCCUGAUAUUGCCUUCGGGCAAAGGAAUACAAAUGAUCGCACUAGGUUGUUUCCCUGGAGUUCCACCUUUCCAGGGGAGCAACU,RF00004
X07913.1/1061-1251,AUCGCUUCUCGGCCUUUUGGCUAAGAUCAAGUGUAGUAUCUGUUCUUAUCAGUUUAAUAUCUGAUACGUCCUCUAUCCGAGGACAAUAUAUUAAAUGGAUUUUUGGAAGUAGGAGUUGGAAUAGGAGCUUGCUCCGUCCACUCCACGCAUCGACCUGGUAUUGCAGUACCUCCAGGAACGGUGCACCCCCU,RF00004
X05084.1/1-191,AUACCUUCUCGGCCUUUUGGCUAAGAUCAAGUGUAGUAUCUGUUCUUAUUAGUUUAAUAUCUGAUAUGUGGGCCAAUGGCCCACACGAUAUUAAAUUUAUUUCUUGAGGGGAAGAGGCCACCACAGUAGCUUGCUAUUGGGUCUCUUACGUGUCGCUCUUGCGUUGCACUAUAGCAAUUGCUGGCGCACCC,RF00004
X04244.1/85-276,AUCGCUUCUCGGCCUUAUGGCUAACAUCAAAGUGUAGUAUCUGUUCUUAUCAGCUUAACAUCUGAUAGUUCCUCCAUUGGAGGACAACAAAUGUUAAACUGAUUUUUGGAAUCAGACGGAGUGCUAGGACCUUGCUCCACCUCUGUCGCGGGUUGGCCCGGUAUUGCAGUACCGCCGGGAUUUUGGCCCAAC,RF00004
X06476.1/456-651,AUACCUUUCUCGGCCUUUUGGCUAAGAUCAAGUGUAGUAUCUGUUCUUAUCAGUUUAAUAUCUGAUAUGUGGGCCAUCGGCCCACACGAUAUUAACUCUAUUUUUUAAGGGAGGAAGCCCGUUUAGAUAGCUUGCUAUCUGGGCUUUCACGAGUCUCCCAUGCGUUGCACUAUUGCGAGGGCUUGGCUCAACCCGC,RF00004
X16459.1/280-475,AUACCUUUCUCGGCCUUUUGGCUAAGAUCAAGUGUAGUAUCUGUUCUUAUCAGUUUAAUAUCUGAUAUGUGGGCCAUGUGUCCACUUCGAUAUUAAAUUAAUUUUUUGUGGGGAAAGGUCCACUACAGUGGCUUGCAUUGGGUCCCUUAUGUGUCGCUCUAGCGUUGCACUAUUGCUUGAGCCUGGCGCACCCCAA,RF00004
X55840.1/268-462,AUACCUUUCUCGGCCUUUUGGCUAAGAUCAAGUGUAGUAUCUGUUCUUAUCAGUUUAAUAUCUGAUAUGUGAGUCAUCGACUCACACGAUAUUAACUCUAUUUUUUGAGGGGAGGGUCUAUCACGGUAGCUUGCUAUCGGGACCUUUAAGCAUCGCCUUGGUGCUGCACUAUAACCUUGGCCUGGUGCACCGUAC,RF00004
X56321.1/284-479,AUACCUUUCUCGGCCUUUUGGCUAAGAUCAAGUGUAGUAUCUGUUCUUAUCAGUUUAAUAUCUGAUAUGUGGGCCAUUGGUCCACACGAUAUUAACUCAAUUUUUUAAGGGGAAGAGUCCAUUAAGGUAGCUUGCUGCCUGGGCUCUUGCGCGUCGCCCAUGCGUUGCACUACUGCACGGGCCUGGCGCACCCCAC,RF00004
X56322.1/513-709,AUACCUUUCUCGGCCUUUUGGCUAAGAUCAAGUGUAGUAUCUGUUCUUAUCAGUUUAAUAUCUGAUAUGUGGGCCAUUGGUCCACAUGAUAUUAACUCAAUUUUUUAAGGGGAAGAGUCUGUUAAGGUUAGCUUGCUACCUGGGUUCUUGUGCGUCGCCCAUGCGUUGCACUACUGCACGGGCCUGGCGCACCCCAC,RF00004
X15929.1/1-194,AUACCUUUCUCGGCCUUUUGGCUAAGAUCAAGUGUAGUAUCUGUUCUUAUCAGUUUAAUAUCUGAUAUGUGGGCCAAUGGUCCACACGAUAUUAAAUUUAUUUCUUGAGGGGGAGAGUCACCACAGUAGCUUGCUAUUGGGUCUCUCGCGUGUCGCUCUUGCGUUGCACUAUAGCAAUUGCUGGCGCACCCCAC,RF00004
X51380.1/303-493,AUCGCUUCUUCGGCUUAUUAGCUAAGAUCAAAGUGUAGUAUCUGUUCUUAUCGUAUUAACCUACGGUAUACACUCGAAUGAGUGUAAUAAAGGUUAUAUGAUUUUUGGAACCCAGGGAAGACUCGGGGCUUGCUCCGACUUCCCAAGGGUCGUCCUGGCGUUGCACUGCUGCCGGGCUCGGCCCAGUCCCC,RF00004
X06475.1/589-783,AUACCUUUCUCGGCCUUUUGGCUAAGAUCAAGUGUAGUAUCUGUUCUUAUCAGUUUAAUAUCUGAUAUGUGGGCCAUCGGCCCACACGAUAUUAACUCUAUUUUUUAAGGGAGAAAGCCCACUAAGAUAGCUUGCUAUCUGGGCUUUCAAGAGUCGCCCAUGCGUUGCACUACUGCAAGGGCUGGCUCAACCCGC,RF00004
X56323.1/358-553,AUACCUUUCUCGGCCUUUUGGCUAAGAUCAAGUGUAGUAUCUGUUCUUAUCAGUUUAAUAUCUGAUAUGUGAGUCAUCGACUCACACGAUAUUAACUCUAUUUUUUGAGGGGGAAGGUCCACCACGGUAGCUUGCUAUCGAGACCUUCAAGUCUCGCCUAGGUGUUGCACUACUGCCUUGGCCUGGCACACCCCAC,RF00004
X06474.1/512-707,AUACCUUUCUCGGCCUUUUGGCUAAGAUCAAGUGUAGUAUCUGUUCUUAUCAGUUUAAUAUCUGAUAUGUGGGCCAUCGGCCCACACGAUAUUAACUCUAUUUUUUAAGGGAGAAAGCCCACUAAGAUAGCUUGCUAUCUGGGCUUUCACGAGUCGCCCAUGCGUUGCACUACUGCACGGGCCUGGCUCAACCCGC,RF00004
X51381.1/239-429,AUCGCUUCUUCGGCUUAUUAGCUAAGAUCAAAGUGUAGUAUCUGUUCUUAUCGUAUUAACCUACGGUAUACACUCGAAUGAGUGUAAUAAAGGUUAUAUGAUUUUUGGAAACUAGGGAAGACUCGGGGCUUGCUCCGUCUUUCCAAGGGUCGUCCCGGCGUUGCACUGCUGCCGGGCUCGGCCCAGUCCCC,RF00004
X69326.1/1-193,AUACCUUUCUCGGCCUUUUGGCUAAGAUCAAGUGUAGUAUCUGUUCUUAUCAGUUUAAUAUCUGAUAUGUGGGCCAUGUGUCCACAACGAUAUUAAAUUUAUUUUUUGUGGGGAGGGUCCACCACAGUGGCUUGCCACUGGGGCCCUCACGUGUUCCCUGGACGUUGCACUACUGUCCAGGUGUGGCGCACCC,RF00004
X04243.1/69-260,AUCGCUUCUCGGCCUUAUGGCUAAGAUCAAAGUGUAGUAUCUGUUCUUAUCAGCUUAACAUCUGAUAAGUCCUCCAUUGGAGGACAACAAAUGUUAAACUGAUUUUUGGAAUCAGACGGAGUGCUAGGAGCUUGCUCCGCCUCUGUCGCGGGUUGGCCCGGUAUUGCAGUACCCCCGGGAUUUCGGCCCAAC,RF00004
AF095839.1/1586-1389,AUACCUUCUCGGCCUUUUGGCUAAGAUCAAGUGUAGUAUCUGUUCUUAUCAGCUUAAUUUCUGAUAUAUCGGACACUGUCCGAUUGAGAAAUUAAACUAAUUUUUUGAUGGGGGCAAGGGGUUCCCCUCGUGCUUGCGCGAGUCCCUUGCCACGGGUUGCCCUGCUAUUGCACUACCGGCAGGCGCGGCCCAACCCAC,RF00004
X04212.1/1-187,AUCGCUUCUCGGCCUUUUGGCUAAGAUCAAGUGUAGUAUCUGUUCUUAUCAGUUUAAUAUCUGAUACGUCCUCUAUCCGAGGACAAUAUAUUAAAUGGAUUUUUGGAACUAGGAGUUGGAAUAGGAGCUUGCUCCGUCCACUCCACGCAUCGACCUGGUAUUGCAGUACCUCCAGGAACGGUGCACC,RF00004
X59360.1/1-185,AUCGCUUCUCGGCCUUUUGGCUAAGAUCAAGUGUAGUAUCUGUUCAUCAGUUUAAUAUCUGAUACGUCCUCUAUCCGAGGACAAUAUAUUAAAUGGAUUUUUGGAGCAGGGAGAUGGAAUAGGAGCUUGCUCCGUCCACUCCACGCAUCGACCUGGUAUUGCAGUACCUCCAGGAACGGUGCACC,RF00004
Z37973.1/1-173,AUACCUUUCUCGGCCUUUUGGCUAAGAUCAAGUGUAGUAUCUGUUCAUAUUAGUAUAUUACAUUAUACUAACUCUAUUUUUGAGGGGAUGUCCAUACGGUGCUUGCUAUUGUGAUUCAGGACCUUCAAGCGUCCUCUGGCGUUGCACUACUGUCUUGACUUGACGCACCCCCA,RF00004
M12856.1/361-551,AUCGCUUCUCGGCCUUUUGGCUAAGAUCAAGUGUAGUAUCUGUUCUUAUCAGUUUAAUAUCUGAUACGUCCUCGAUGAGAGGACUUUAUAUUAAACGGAUUUUUGGGCGCGGGAGUUGGACCCGGAGCUUGCUCCCUCCGCUCCGCGCAUCGUCCCGGUAUGGCAGUACCUCCGGGCACGGUGCACCUCCC,RF00004
M72887.1/1-195,AUACCUUUCUCGGCCUUUUGGCUAAGAUCAAGUGUAGUAUCUGUUCUUAUCAGUUUAAUAUCUGAUAUGUGAGUUAUUGACUCACACGAUAUUAACUUAAUUUUUUAGGGGGAAGGUCAAUUAGAGUAGCUUGCUACUUGGGUCUUCGUGUGUCGCCUAGGUGUUGCACUAUAGCCUUGGCCUGGAGCACCCCAC,RF00004
X52312.1/235-430,AUACCUUUCUCGGCCUUUUGGCUAAGAUCAAGUGUAGUAUCUGUUCUUAUCAGUUUAAUAUCUGAUAUGUGGGCCAUCGGCCCACACGAUAUUAACUCUAUUUUUUGAGGGAGAAAGCCCACUAAGAUAGCUUGCUAUCUGGGCUUUCAAGAGUCGCCUAUGCGUUGCACUACUGCACAGGCUUGGCUCAACCCGC,RF00004
S72337.1/1-193,AUACCUUUCUCGGCCUUUUGGCUAAGAUCAAGUGUAGUAUCUGUUCUUAUCAGUUUAAUAUCUGAUAUGUGGGCCAUGUGUCCACAACGAUAUUAAAUUUAUUUUUUGUGGGGUGGGUCCACCACAGUAGCUUGCUAUUGGGGCCCACAUGCGUCGCCUGGGCGUUGCACUGCUGCCCUGGCCCGGCGCACCC,RF00004
X00093.1/360-550,AUCGCUUCUCGGCCUUUUGGCUAAGAUCAAGUGUAGUAUCUGUUCUUAUCAGUUUAAUAUCUGAUACGUCCCCUAUCUGGGGACCAUAUAUUAAAUGGAUUUUUGGAACAGGGAGAUGGAAGAAGAGCUUGCUCUGUCCACUCCACGCAUCGACCUGGUAUUGCAGUACCUCCAGGACCGGUGCACUUCUC,RF00004
AJ536614.1/206-152,UCACCGUCGGAAAGUGUGCGCUUUCCCUGAUGAGCCCAAAAGGGCGAAACGGUAC,RF00008
AJ550908.1/281-334,GAAGAGUCUGCGCUUAGCGCACUCAUGAGUCUCUGAGAUGAGACGAAACUCUUC,RF00008
M63666.1/246-192,CCGGUGUCUCAAGGUGCGUACCUUGACUGAUGAGUCCGAAAGGACGAAACACCAG,RF00008
AJ005310.1/56-3,CAUAAGUCUGGGCUAAGCCCACUGAUGAGCCGCUGAAAUGCGGCGAAACUUUUG,RF00008
AJ005305.1/56-3,CAAAAGUCUGGGCUAAGCCCACUGACGAGCCGCUGGGAUACGGCGAAACUUUUG,RF00008
J02386.1/42-95,UGUCCGUAGUGGAUGUGUAUCCACUCUGAUGAGUCCAAAAGGACGAAACGGAUG,RF00008
AJ550907.1/281-333,AAAGAGUCGCGCUUAGCGCACUGAUGAGUCUCUGAGAUGAGACGAAACUCUUC,RF00008
AF170509.1/56-3,CAUAAGUCUAGGCUUAGCCCACUGAUGAGCCGUUGAGAUACGGCGAAACUUAUG,RF00008
AJ247113.1/134-53,UCCAGUCGAGACCUGAAGUGGGUUUCCUGACGAGGCUGUGGAGAGAGCAAAUUGCUUUACUCCCGCACAAGCCGAAACUGGA,RF00008
AJ241823.1/282-335,AAAGAGUCUGUGCUAAGCACACUGAUGAGUCUCUAAAAUGAGACGAAACUCUUU,RF00008
AJ550900.1/56-3,CAUAAGUCUGGGCUAAGCCCACUGAUGAGCCUUUGCGACAAGGCGAAACUUAUG,RF00008
AJ550909.1/56-3,CAUAAGUCUGGGCUUAGCCCACUGAUGAGUUGCUGCGAUGCAACGAAACUUAUG,RF00008
AJ550906.1/56-3,CAUAAGUCUGGGCUUAGCCCACUGAUGAGUCGCUGCGAUGCGACGAAACUUAUG,RF00008
AJ550911.1/56-3,CAAAAGUCUGGGCUAAGCCCACUGAUGAGUUGCUGAAACGCAACGAAACUUUUG,RF00008
AF170520.1/282-335,GAUAAGUCUGUGCUUAGCACACUGAUGAGUCUCUGAAAUGAGACGAAACUUAUC,RF00008
AJ241831.1/281-334,GAAGAGUCUGUGCUAAGCACACUGAUGAGUCUCUGAAAUGAGACGAAACUCUUA,RF00008
AJ550907.1/56-3,CAUAAGUCUGGGCUUAGCCUACUGAUGAGUCGCUGCGAUGCGACGAAACUUAUG,RF00008
AJ241839.1/282-334,GAUGAGUCGUGCUAAGCACACUGAUGAGUCUCUGAAAUGAGACGAAACUCAUA,RF00008
AJ247122.1/132-52,UCCAGUCGAGACCUGAAGUGGGUUUCCUGACGAGGCUGUGGAGAGAGCUAUUGCUUUACUCCCGCACAAGCCGAAACUGGA,RF00008
AJ550899.1/56-3,CAUAAGUCUGGGCUAAGCCCACUGAUGAGCCUUUGCGAUAAGGCGAAACUUAUG,RF00008
AJ247123.1/132-52,UCCAGUCGAGACCUGAAGUGGGUUUCCUGAUGAGGCUGUGGAGAGAGCGAAAGCUUUACUCCCGCACAAGCCGAAACUGGA,RF00008
M33000.1/55-110,ACGCUGUCUGUACUUGUAUCAGUACACUGACGAGUCCCUAAAGGACGAAACAGCGC,RF00008
J02439.1/42-95,UGUCCGUAGUGGAUGUGUAUCCACUCUGAUGAGUCCGAAAGGACGAAACGGAUG,RF00008
AF170503.1/280-333,GAAAGGUCUGUGCUUAGCACACUGACGAGUUCCUGAAAUGGAACGAAACCUUUU,RF00008
AJ005312.1/56-3,CAAAAGUCUGGGCUAAGCCCACUGAUGAGCCGCUGAAAUGCGGCUAAACUUUUG,RF00008
AF170503.1/55-3,CAUAAGUCUGGGCUUAGCCACUGACGAGUCGCUGGGAUACGGCGAAACUUAUG,RF00008
AF339740.1/56-3,CAUAAGUCUGGGCUUAGCCCACUGAUGAGCCGUUGAGAUACGGCGGAACUUAUG,RF00008
AJ536619.1/206-152,CCACCGUCGGAAAGUGUGUACUUUCCCUGAUGAGUCCGAAAGGACGAAACGGUAC,RF00008
AJ241838.1/56-3,CAAAAGUCUGGGCUAAGCCCACUGAUGAGCUGCUGAAAUGCGGCAAAACUUUUG,RF00008
AJ241843.1/56-3,CAUAAGUCUGGGCUUAGCCCACUGAUGAGCCACUGAAAUGCGGCGAAACUUUUG,RF00008
AJ005312.1/282-335,GAUGAGUCUGUGCUAAGCACACUGAUGAGUCUAUGAAAUGAGACGAAACUCAUA,RF00008
AF170504.1/284-337,GAUAAGUCUGUGCUAAGCACACUGAUGAGUCUCUGAAAUGAGACGAAACUUAUC,RF00008
AJ241828.1/56-3,CAUAAGUCUGGGUUAAGCCCACUGAUGAGCCGUUGAGAUACGGCGAAACUUAUG,RF00008
AJ295018.1/58-1,ACAGGGUCUGACAAACCGUCACUGAAGACGUUCAACUUGCGUUGAACAGAAACUCUGC,RF00008
AJ005321.1/281-333,GAAGAGUCGUGCUAAGCACACUGAUGAGUCUCUGAAAUGAGACGAAACUCUUG,RF00008
AJ005322.1/56-3,CAUAAGUCUGGGCUAAGCCCACUGACGAGCCGUUGAGAUACGGCGAAACUUAUG,RF00008
AJ550911.1/282-335,GAAGAGUCUGUGCUAAGCACACUGACGAGUCUCUGAAAUGAGACGAAACUCUUC,RF00008
AJ550906.1/282-334,GAAGAGUCGUGCUUAGCACACUGAUGAGUCUCUGAGAUGAGACGAAACUCUUC,RF00008
AF339739.1/56-3,CAUAAGUCUGGGCUUAGCCCACUGAUGAGGCGUUGAGAUACGGCGAAACUUAUG,RF00008
M33001.1/56-111,ACGCUGUCUGUACUUAUAUCAGUACACUGACGAGUCCCUAAAGGACGAAACAGCGC,RF00008
AJ005320.1/281-333,GAAGAGUCGUGCUAAGCACACUGAUGAGUCUCUGAAAUGAGACGAAACUCUUU,RF00008
AJ241830.1/282-334,AAAGAGUCGUGCUAAGCACACUGAUGAGUCUCUGAAAUGAGACGAAACUCUUG,RF00008
AJ241845.1/282-335,GAUGAGUCUGUGCUAAGCACACUGAUGAGUCUCUGAAAUGAGACGAAACUCAUG,RF00008
AJ241850.1/282-334,UAAGAGUCGUGCUAAGCACACUGAUGAGUCUCUGAAAAGAGACGAAACUCUUU,RF00008
AJ005299.1/282-335,UAAGAGUCUGUGCUAAGCACACUGAUGAAUCUCUGAAAUGAGACGAAACUCUUG,RF00008
AJ536612.1/206-152,UCACCGUCGGAAAGUGUGCGCUUUCCCUGAUGAGCCCGAAAGGGCGAAACGGUAC,RF00008
AJ005314.1/281-334,AAAGAGUCUGUGCUAAGCACACUGACGAGUCUCUGAAAUGAGACGAAACUCUUU,RF00008
AJ005300.1/282-335,UAAGAGUCUGUGGUAAGCACACUGAUGAGUCUCUGAAAUGAGACGAAACUCUUG,RF00008
M83545.1/282-335,GAAGAGUCUGUGCUAAGCACACUGACGAGUCUCUGAGAUGAGACGAAACUCUUC,RF00008
AF170499.1/56-3,CAAAAGUCUGGGCUAAGCCCACUGAUGAGCCGCUGAAAUGCGGCGAAACUUUUG,RF00008
M83545.1/56-3,CAUAAGUCUGGGCUAAGCCCACUGAUGAGUCGCUGAAAUGCGACGAAACUUAUG,RF00008
AJ241840.1/56-3,CAGAAGUCUGGGCUAAGCCCACUGAUGAGCCGCUGAAAUGCGGCGAAACUUUUG,RF00008
AJ005318.1/56-3,CAUAAGUCUGGGCUAAGCCCACUGAUGAGCCGUUGAGAUACGGUGAAACUUAUG,RF00008
AJ241847.1/281-334,GAAGAGUCUGUGCUAAGCACACUGAUGAGUUUCUGAAAUGAGACGAAACUCUUG,RF00008
U39713.1/7664-7293,GCUGUCGGUUAGUUGCUGCUUUAAAGAUAUAUUUAAAGUAGAGGAAAGUCCAUGCUUGCACUUGCUGGAAUGCAAGUAGUGUUUGUGUAAAUCAAAGCGAUAAGAUUUAGGAUGUGAUAGCCAUAACGACAUAACUAGUCUAAGGUUAAUACUAUGAUGAUGUUUUGAAAGUGCCACAGAGACGAGCUUGGUGAAAACCAGGUAUGAAACGCGGUAAACUCCACAAGCAAGAAACCUAAAUUUUGGUAAGGGAAUGUUGCUUUAAGAACAAAUAAUUAAAGUAAUGACAGCAAUUGCUGUAGAUAAAUAACUGACUUUAAAACAGAACAUGGCUUAUUGACAGCAUGCUAUCUAAAAAAAGGAUCAUGAUGA,RF00011
X69982.1/45-449,UGCACAAGUCAAUUGCAGAUAUAAUUAAAUAUAAUAAUUUUUUUAUAAUUGUUAUAUUUAACAAAUUUAUAUUUGAGGAAAGUCCGCGCUAGCACUACCUGAGAUGGUAGUAGUGUUCAUGUUGGAUCUAAUAAAUCCAAGCUUUAGACGACCAGUGCCACAGAGACGAGUUUAUUUAUUAAUUUGUUUAUAUUAAAAAAUAGUUUAGAAUUUUUAAAUUAAUAAAUAAGGUGAAACGCGGUAAACUCCAUGAGCUAGAAACCUAAAUUUUGGUAAGGGAGCCCAAUUUCGGGAAACAAACUUUAAUUGGGAAGUUCUAUUAUAAUAUUUUUAUAAAGAACUUAGAUAAAUGAUUGAUUAAUACAGAACGCGGCUUAUUAGUGCAAAAAAAACAGCGAAUCUGAA,RF00011
AJ511701.1/1-371,GUGCAAUUUUUGGAUAAUCGCAUGAAAAGUUAUUUUUUAUGAGGAAAGUCCAUGCUAGCACUGGCUGUGAUGCCGGUAGUGUUUGUGCUAGGCGAAACAAUAAGCCUAGGGACGGAUUAUUCCGUUACGGCGGAUGAAACAGCUAAGUCUCUUGAUAUGCUGGAGUAGGCCUGAAAGUGCCACAGUGACGUAGUUUUUGUGGAAACACAAAAAGUGGAACGCGGUAAACCCCUCAAGCUAGCAACCCAAACUUUGGUCGGGGCAUGGAAUGCGUGGAAACGAACAUUGCAUUCUGACUGGAAACAGUAGACAGAUGAUUAUCGAAGGAAAUGGUACCUAGUCAUUUCUGGAACAAAACAUGGCUUAUAGAA,RF00011
AE016950.1/193110-193498,AUUUGUAAUUUUCGGGUGAUCGCGGUUUGCUUUUGCAAGCUGAGGAAAGUCCAUGCUCGCACAAGCUGAGAUGCUUGUAGUGUUCGUGCUUAGCGAAAUCAUAAGCUAAGGUACUCUUUUAGAGUAACGGCAGGAAAAAUGACUAAGGUUUCGACUAUGUCAAAGUAUCCUUGAAAGUGCCACAGUGACGAAGCGAUGUGGGAAACUCCAUCGGUGGAACGCGGUAAACCCCUCGAGCGAGCAACCCAAACAAUGGUAGGGGCGCUCUUCUAAAGGAAAUGAACGAGUAGAAGAGGCAGAGUUUACUCUGCAGAUAGAUGAUGACCGUCACCAAUUUUUCCUGAAGAAUUGGUGAUACAGAACAUGGCUUAUAGAAAAUUACAAGUAAU,RF00011
D13066.1/58-413,GAGAUUUUAUUGGUCAAUCGCUGUAUUUGAAAAAGAAUAUAGAGGAAACUCCACGCUUACACAAUCUGUGAUGAUUGUAGUGUUUAUGCUAAAUGAAAAAAUAAAUUUAGGCAGUAAUUAAUUACUGACGGCAUAACUAACCUAAGGCUUUGCUAUGGUGAUGUUAUAAAGUGCCACAGAGACGAAUAAAGAGAAAUCUUGAAAUGGAACGCGGUAAACCCCAUAAGUAAGAAACUCAAAUUUUGGUAGAGGAAUCUGAUUAAGAAAAUAAGAAUCAAAAUCAGAAGUUAUUAUUAACUAGAUAGAUGAUUGACGCUGAAAAGUACAAAACGUGGGUUAUAAAUAAAAUCUCAUCA,RF00011
M19023.1/1-411,AUGCAGGAAAUGCGGGUAGCCGCUGCCGCAAUCGUCUCGGCGAUUGGCGGUAGAGGAAAGUCCAGGCUCGCCCAAGCUGAGAUGCUUGGAGUGUUCGUACCUGGCGCAAGCCAGGGCAAGUGAGGCGCAAGCCUCGCUGACGGCGUGGAAAGGGCUCUCUCUGAGGCCCGAGUACGCUGAAAGUGCCACAGAAACGUAGCUUUUCUGGCGACAGAAAAGAUGGAACGCGGUAAACCCUGCGAGCGAGAAACCCAAAUUUGGUAGGGGAACCGUCCUGAAGGAAUCAAACGGAAGGGACGGAUGGUAUCUUCGGAUGCCAUAGAUAGAUGGCUACCGCUCUUGGUGCGAGGGAUACGUCCCGCUUGCAGCACGGGAGAGACAGAACCUGGCUUAUAGCAUUUCCUGCUGGAU,RF00011
AF151218.1/1-397,UGAUAUUUCGGGUAAUCGCUAUAUUAUAUAGAGGAAAGUCCAUGCUCACACAGUCUGAGAUGAUUGUAGUGUUCGUGCUUGAUGAAACAAUAAAUCAAGGCAUUAAUUUGACGGCAAUGAAAUAUCCUAAGUCUUUCGAUAUGGAUAGAGUAAUUUGAAAGUGCCACAGUGACGUAGCUUUUAUAGAAAUAUAAAAGGUGGAACGCGGUAAACCCCUCGAGUGAGCAAUCCAAAUUUGGUAGGAGCACUUGUUUAACGGAAUUCAACGUAUAAACGAGACACACUUCGCGAAAUGAAGUGGUGUAGACAGAUGGUUAUCACCUGAGUACCAGUGUGACUAGUGCACGUGAUGAGUACGAUGGAACAGAACAUGGCUUAUAGAAAUAUCACUACUAGU,RF00011
AE002128.1/6884-7252,GUGUAAAAAGCUAAUUGCUGCAUUUUUUAAAAAAUGUAGAGGAAAGUCCGUGCUCACACUAACUGUGAUGUUAGUAGUGUUUGUGUAUGUAUAAUUAAUAAGGCAUAGCAUAGGCAUAUGACGGCAAAUUUUUAAGCUAAGUGAUUUAAAUUAUAUGUUUAAAAAUUUAUAAAAGUGCCACAGAGACGAUUAAUCAAGAAAUUGAUGAGAUGAAACGUUGGUAAACCCCACAAGUGAGAAACCUAAAUUUCGGUAAGGGAAUCUAAUUUAGUAAAUUAAGAAAUUAAAUUAGGAUAGAAUUGUUUACAUUCUAUAGAUAAAUAAUUAGCGCUACAUUUUUGUAGAACAGAACACGGCUUAUUUUUACAU,RF00011
AE014893.1/1732-2120,AUGCAAUUUUUGGAUAAUCGCGUGGUAAAUAUUGCAAUUUUAUCAUGAGGAAAGUCCAUGCUAGCACUGGCUGUGAUGCCAGUAGUGUUUGUGCUAGACAAAAAAAUAAGUCUAGGGAUGUGCUUUGCGCAUUACGGCGGAUAAAAUGGCUAAGUCUUUGAUAGGCCGGAGUAAUUCUGAAAGUGCCACAGUGACGUAGCUUUUAUGGAAACAUAAAAGGUGGAACGCGGUAAACCCCUCAAGCUAGCAACCCAAACUUUGGUAGGGGCAUGGAAAAGCUGGAAAAAGAACGGUCUUUUCUGACUGCAUAAGCAGUAGACAGAUGAUUAUCAAAAAAGGUGGUACCUAGUCGCCUUUGGAACAAAACAUGGCUUAUAGAAAAUUGCAUA,RF00011
M19022.1/1-408,UGAAAUAACGUUCAGGUAAUCGCUGCAUCAUUUGAUGUAGAGGAAAGUCCAUGCUCGCACGGUGCUGAGAUGCCCGUAGUGUUCGUGCCUAGUGAAAAAAUAAGCUAGGGCAGCUUGGCUUAUAGCUUAGCUGACGGCGGGAAAAACCACCUAAGUCUUUGGAUAUGGUCGAGUAUCCUGAAAGUGCCACAGUGACGAAGCUUUGCUGGAAACAGCAAAGGUGGAACGCGGUAAACCCCACGAGCGAGAAACCCAAACAAUGGUAGGGGAACUGUCUCAAAGGAAUCUAACGGAGAGACGGACGGUUACAUGCGUAAUCGUAGAUAGAUGAUUACCGCCUGAGUACGAGAUUAAAAUCGUUUGCAGUACAAAGGUACAAAACAUGGCUUUACGAACGUUGUUGAAACA,RF00011
U64885.1/1-349,GAGGAAAGUCCGGGCUCACACAGUCUGAGAUGAUUGUAGUGUUCGUGCUUGAUGAAACAAUAAAUCAAGGCAUUAAUUUGACGGCAAUGAAAUAUCCUAAGUCUUUCGAUAUGGAUAGAGUAAUUUGAAAGUGCCACAGUGACGUAGCUUUUAUAGAAAUAUAAAAGGUGGAACGCGGUAAACCCCUCGAGUGAGCAAUCCAAAUUUGGUAGGAGCACUUGUUUAACGGAAUUCAACGUAUAAACGAGACACACUUCGCGAAAUGAAGUGGUGUAGACAGAUGGUUAUCACCUGAGUACCAGUGUGACUAGUGCACGUGAUGAGUACGAUGGAACAGAACGCGGCUUAU,RF00011
AE007349.1/3872-4272,AUGUGCAAUUUUUGGAUAAUCGCGUGAGGAGAAUUGUUUCUCAUGAGGAAAGUCCAUGCUAGCACAGGCUGUGAUGCCUGUAGUGUUUGUGCUAGGCGAAACCAUAAGCCUAGGGACGAGAAAUCGUUACGGCAGUUGAAAUGGCUAAGUCCUUGGAUAGGCCAGAGUAGGCUUGAAAGUGCCACAGUGACGGAGUCUUUCUGGAAACAGAGAGAGUGGAACGCGGUAAACCCCUCAAGCUAGCAACCCAAAUUUUGGUCGGGGCAUGGAGUACGCGGAAACGAACGUAGUAUUCUGACUGCUAUCAGCUAGAGCUGUUAGUGGUAGACAGAUGAUUAUCGAAGGAAGUGGUCCUAGUCACUUCUGGAACAAAACAUGGCUUAUAGAAAAUUGCAUAUAGG,RF00011
AP001513.1/43510-43921,AUCAUAACCGUUCAGGUAACCGCUGCAUCGCAUGCGAUGUAGAGGAAAGUCCAUGCUCGCACAGGCUGAGAUGCUUGUAGUGUUCGUGCCUAGCGAAGUCAUAAGCUAGGGUAGUCUGGUUCUUAGAACUGGGCUAACGGCAAGGUAAGCACCUACGUUCAUCAUGAAUAUGGUGUGAUGCCUUUGAAAGUGCCACAGUGACGUAGUCCGUUUGGAAACAGACGGAGUGGAACGAGGUAAACCCCUCGAGCGAGAAACCCAAAAAUUGGUAGGGGAACCUUCUUGAAGGAAAUGAACGGAGAGAAGGACGGAAGUUUUACUUCUGUAGACAGAUGGUUACCACCGGAGUACGAGGUUCAUCACCGUUUGUAGUACGAAGGAACAGAACAUGGCUUAUCGAACGGGAAUGAGA,RF00011
AJ511695.1/1-374,GUGCAAUUUUUGGAUAAUCGCGUAGUAUUGCAAUACUAUGAGGAAAGUCCAUGCUAGCACCGGCUGUGAUGCUGGUAGUGUUUGUGCUAGGCGAACAAAUAAGCCUAGGGAUGUGUUUGACACAUUACGGCGAGUGAAAAGGCUAAGUCCUUGAUAUGCCAGAGUAGCUCUGAAAGUGCCACAGUGACGAAGUUUUUAUGGAAACGUAAAAAGUGGAACGCGGUAAACCCCUCAAGCUAGCAACCCAAACUUUGGUAGGGGCAUGGGAUAGUUGGAAACGAACAAGCUAUCCUGACUGUUGACAAACAGUAGACAGAUGAUUAUCGAAGGAGAUAAUACCUAGUUAUUUCUGGAACAAAACAUGGCUUAUAGAA,RF00011
X69983.1/47-447,GCACAAGUCAAUCGCAGGUAUAAUCAAAAUAUUAUUUUAUAAAUAUAAAUUAUAUUUUGAUUAAUAUUUGAGGAAAGUCCGCGCUAGCACUACCUGUGAUGGUAGUAGUGUUCAUGUUGGGUCUAAUAAACCCAAGCUUAGACGACAAGUGCCACAGAGACGAGCUUAUUUAUUAAAUUCUUCUUUUUCUAUAUUGAGAAUUACAAUUUUUUUCUUAAUAAAUAAGGUGAAACGCGGUAAACUCCAUGAGCUAGAAACCUAAAUUUUGGUAAGGGAGCCCAAUUUGAAGAAAAAAAACUUCGAUUGGGAAGUUUUUUGAUAAGGUUAUUAUUAAAAGAAAAACUUAGAUAAAUGAUUGACUGAUACAGAACGCGGCUUAUUAGUGCAAAAACAGCGUAAAA,RF00011
AE016747.1/269436-269036,UGAUAUUUCGGGUAAUCGCUAUAGCAAUAUAGAGGAAAGUCCAUGCUCACACAAUCUGAGAUGAUUGUAGUGUUCGUGCUUGAUGAAACAAUAAAUCAAGGCAUUAAUUUGACGGCAAUGAAAUAACCUAAGUCAUUGGAUAUGGUUAGAAUAGUUUGAAAGUGCCACAGUGACGUAGCUUUUAUAGAAAUAUAAAAGGUGGAACGCGGUAAACCCCUCGAGUGAGCAAUCCAAAUUGGGUAGGAGCACUUGUUUAGCGGAAUUCAACGUAUAGACGAGACGAUUUUUACGCGAAAGUAAAAAUAUGUAGACAGAUGGUUACCACCGACGUACCAGUGUAACUAGUACACAUUAUGAGUACAACGGAACAGAACAUGGCUUACAGAAAUAUCAUCACUAGU,RF00011
M13175.1/1-401,GUUCUUAACGUUCGGGUAAUCGCUGCAGAUCUUGAAUCUGUAGAGGAAAGUCCAUGCUCGCACGGUGCUGAGAUGCCCGUAGUGUUCGUGCCUAGCGAAGUCAUAAGCUAGGGCAGUCUUUAGAGGCUGACGGCAGGAAAAAAGCCUACGUCUUCGGAUAUGGCUGAGUAUCCUUGAAAGUGCCACAGUGACGAAGUCUCACUAGAAAUGGUGAGAGUGGAACGCGGUAAACCCCUCGAGCGAGAAACCCAAAUUUUGGUAGGGGAACCUUCUUAACGGAAUUCAACGGAGAGAAGGACAGAAUGCUUUCUGUAGAUAGAUGAUUGCCGCCUGAGUACGAGGUGAUGAGCCGUUUGCAGUACGAUGGAACAAAACAUGGCUUACAGAACGUUAGACCACUU,RF00011
M19021.1/1-417,GUUAAUCAUGCUCGGGUAAUCGCUGCGGCCGGUUUCGGCCGUAGAGGAAAGUCCAUGCUCGCACGGUGCUGAGAUGCCCGUAGUGUUCGUGCCUAGCGAAUCCAUAAGCUAGGGCAGCCUGGCUUCGGCUGGGCUGACGGCGGGGAAAGAACCUACGUCCGGCUGGGAUAUGGUUCGAUUACCCUGAAAGUGCCACAGUGACGGAGCUCUAAGGGAAACCUUAGAGGUGGAACGCGGUAAACCCCACGAGCGAGAAACCCAAAUGAUGGUAGGGGCACCUUCCCGAAGGAAAUGAACGGAGGGAAGGACAGGCGGCGCAUGCAGCCUGUAGAUAGAUGAUUACCGCCGGAGUACGAGGCGCAAAGCCGCUUGCAGUACGAAGGUACAGAACAUGGCUUAUAGAGCAUGAUUAACGUG,RF00011
AE017029.1/38244-38651,UCAUAACGUUUGGGUAAUCGCUGCAACGCCAACGUUGUAGAGGAAAGUCCAUGCUCGCACGGCCUGAGAUGGCUGUAGUGUUCGUGCCUAGCCAAUUCAUAAGCUAGGGUAUUCUGGCUGUAAGGCUGGUUUAACGGCAGGGAAAAAACCUAAGUCCUUUCGGAUAUGGUUUGACUACCUUUAAAGUGCCACAGUGACGAAGUCCUUGAAGAAAUGAUAGGAGUGGAACGAGGUAAACCCCACGAGCGAGAAACCCAAAUAAUGGUAGGGGAAUCUUUUCCAAGGAAAUGAACGAUGGGAAAGGACAGGUUGUAUAACCUGUAGAUAGAUGAUUGCCACCGGAGUACGAGGCGUGGGCCGUUUGCAGUACAAAGGAACAGAACAUGGCUUACAGAACGUUAUGAACCA,RF00011
Z29641.1/760-980,CGACCUUACUUGAACAGGAUCUGUUCUAUAGGAUCGUACUGUUGCAUCUUUGAUUAAUAAGAAGGCAAGUACUUAAACCUGGUUGAUGAGAAUUUGACCUGUGGGCCAGAGCGUGAUUUAACGGCCAGGACUUUGCCUUGGUGCAUUGUCUGGAGCUGCAGAUGAUCGUUCUUGGCCAGGCUUAAUGUCUGGCUAGGGUGGCCUACAGGCUGUUUGACAGG,RF00012
X07318.1/1-219,AAGACUAUACUUUCAGGGAUCAUUUCUAUAGGUUGUACCUGGUGAAAUGUGCUCGAAAGUGUCUGAACUCACAAACCACGAGGAAGAGCGUCAGUGUUUUCUCCUGAGCGUGAAGUGAGCUCACAGUGCUGCUUCAUUGUGGCUGCUGUUUGCUAUUGAUGAACGUUCUGCUCCCCUUUAUUAUUGGGGAGAUAGAGGGAGAGAACACAAGCUGAGUGG,RF00012
M18578.1/158-485,AACACAUUCUACAGUAGGAUCAUUUCUAUAGGAAUCGUCACUCUUUGACUCUUCAAAAGAGCCACUGAAUCCAACUUGGUUGAUGAGUCCCAUAACCUUUGUACCCCAGAGUGAGAAACCGAAAUGAAUCUAAAUUAGCUUGGUCCGCAAUCCUUAGCGGUUCGGCCAUCUAUAAUUUUGAAUAAAAAUUUUGCUUUGCCGUUGCAUUUGUAGUUUUUUCCUUUGGAAGUAAUUACAAUAUUUUAUGGCGCGAUGAUCUUGACCCAUCCUAUGUACUUCUUUUUUGAAGGGAUAGGGCUCUAUGGGUGGGUACAAAUGGCAGUCUGAC,RF00012
X52630.1/530-744,CGACCUUACUUGAACAGGAUCUGUUCUAUAGGCUCGUACCUCUGUUUCCUUGAUUUCUCAAGAGACAGGCCUUAAACCCUGGUUGAUGAACCAUGACCGUGCGGCUAGAGCGUGAUUGACGGCUACGAUCGUCCUUGGAUGCAUCCGGUGCUGUAGAGGAUCGUUACUCGGCUCGGUUCUACCUUGUCGGGGUGGUCGCACGGCGGUCUGACAGG,RF00012
V00190.1/62-269,AUGACCAAACUCUUAGGAUCAUUUCUAGAGUAUCGUCUAUUAAAAUUAUUCAUCAAUAAUUUUUCCUCUUUCACAGCUAGGAUGAUGAUACACACUCACUAUACGAAAGCGUGAAACCGUUAUUAUCAAAUGAUUCAUUUAUUUGUUAUUAACAUUGAUGACCGUCUAAUUCAGGGAUGAAUUGGUUGUAUGGUGGGAUUCGUACUGG,RF00012
X05498.1/324-651,AACACAUUCAACAGUAGGAUCAUUUCUAUAUUAAUCGUCACUCUUUGACUCUUCAAAAGAGCCACUGAAUCCAACUUGGUUGAUGAGCCCCAUAACCUUUGUACCCCAGAGUGAGGAAAUGAAAUCGAAUUUAAAUUAGCUUGGUCCGCAAUCCUUAGCGGUUCGGCCAUCUAUAAUUUUGAAUAAAAUUUUGCUUUGCCGUUGCAAUUGUGAUAACUUCCUUUGGAAUUUGUUGCGAUAUUUAAUGGCGCGAUGAUCUUGACCCAUCCUAUGUGCUUCCAUUUUGGAAGGAUAGGGAUUCAUGGGUGGGUACAAAUGGCAGUCUGAC,RF00012
X79685.1/140-354,CGACCUUACUUGAACAGGAUCUGUUCUAUAGGCUCGUACCGUUGCAUCCUUGACUAAUAAGGAGGCAAGCACUUAAGCUUGGUUGAUGACGCAUGACCUGUGGGCCAGAGCGUGAUUAACGGCCGGAUCACUGGCUGAUUUGAUCCCACGGCUGUAGAGGAUCGUUUCUUGCCGGGCCUCGCCUGGCCAGGAUGGCUCUCAGGUUGUCUGACAGG,RF00012
X52629.1/326-541,CGACCUUACUUGAACAGGAUCUGUUCUAUAGGCUCGUACCUCUGUUUCCUUGAUUUCUCAAGAGACAGGCCCUUAACCCUGGUUGAUGAACCAUGACCGUGCGGCUAGAGCGUGAUUGACGGCUACGAUCGUCCUCGGACGCAUCCAGUGCUGUAGAGGAUCGUUACUCGGCUCGGUUUCUACCUUGCCGGGGUGGUCGCACGGCGGUCUGACAGG,RF00012
AL121770.1/10682-10430,UCGACGAUACUCCAUAGGAUCAUUUCUAUAGUAUACGUCCGGCUUGGGUUUCCUAACCUAGCCACAGAACUCAACACGGAUGAUGAUAGGAGGCACCGUUGCCCUCAGAGUGAGGACUUUUAAUUCUUUGAAGGCAUGCUUUUCGAUUAGGUUUUUUACCUAAUUGUUUUGCUGUCUUUCUAUGCGAUGAUCUCUUACAUGAUAUGUUUCCUUUUGGUCGUAUUAUGUAGGGCAGCUGGUGUUUUCUGACGUG,RF00012
X14945.1/538-753,AAGACUAUACUUUCAGGGAUCAUUUCUAUAGUGUGUUACUAGAGAAGUUUCUCUGAACGUGUAGAGCACCGAAAACCACGAGGAAGAGAGGUAGCGUUUUCUCCUGAGCGUGAAGCCGGCUUUCUGGCGUUGCUUGGCUGCAACUGCCGUCAGCCAUUGAUGAUCGUUCUUCUCUCCGUAUUGGGGAGUGAGAGGGAGAGAACGCGGUCUGAGUGG,RF00012
J01884.1/1-214,AAGACUAUACUUUCAGGGAUCAUUUCUAUAGUUCGUUACUAGAGAAGUUUCUCUGACUGUGUAGAGCACCCGAAACCACGAGGAGGAGACGUAGCGUUCUCUCCUGAGCGUGAAGCCGGCUCUUAGUGUUGCUUCCGUGCAACUGCUAUUGGCCAUUGAUGAUCGUUCUCGGUCCUCUCUGAGGGGCGAGAGGGAGAGAACGCAGUCUGAGUGG,RF00012
X63065.1/859-1073,CGACCUUACUUGAACAGGAUCUGUUCUAUAGGCUCGUACCGCUGCAUCCUUUACCAAUAAGGAGGCAAGCACUUCAGUCUGGUUGAUGCAUCUGACCUCUGGGCCAGAGCGUGAUUAACGGCCAGGAUUCCCUUAUGGGGGCAAUCCACGGCUGUAGAGGAUCGUUCCUGCCUUGCUCAUGCUUGUGCAGGGUGGCCCAGAGGUUGUCUGACAGA,RF00012
M26649.1/1-332,GUCGACGUACUUCAUAGGAUCAUUUCUAUAGGAAUCGUCACUCUUUGACUCUUCAAAAGAGCCACUGAAUCCAACUUGGUUGAUGAGUCCCAUAACCUUUGUACCCCAGAGUGAGAAACCGAAAUUGAAUCUAAAUUAGCUUGGUCCGCAAUCCUUAGCGGUUCGGCCAUCUAUAAUUUUGAAUAAAAAUUUUGCUUUGGCGUUGCAUUUGUAGUUUUUUCCUUUGGAAGUAAUUACAAUAUUUUAUGGCGCGAUGAUCUUGACCCAUCCUAUGUACUUCUUUUUUGAAGGGAUAGGGCUCUAUGGGUGGGUACAAAUGGCAGUCUGACAAG,RF00012
X13850.1/317-568,GUAUCGAUACUCCAUAGGAUCAUUUCUAUAGUAUACGUCCUUCUUGGGUUUCCUAACCUAGCCACAGAAGUGAACACGGAUGAUGAUAGGAGGCACCGUUGCCUCAGAGUGAGGACUUUUAAUUCUUUGAAGGCAUGCUUUUCGAUUAGGUUUUUUACCUAAUUGUUUUGCUGUCAGAGUAUGCGAUGAUCUCUUACAUGAUAUGUUUCCUUUUGGUCGUAUUAUGUAGGGCAGCUGGUGUUUUCUGACGUG,RF00012
V01267.1/2-213,GUGACUAUACUUUCAGGGAUCAUUUCUAUAGUUCGUUACUAGAGAAGUUUCUCUGACUGUGUAGAGCCCACGAAACCACGAGGACGAGACAUAGCGUCCCCUCCUGAGCGUGAAGCCGGCUCUAGGUGCUGCUUCUGCCUCUUGCCAUUGGCAGCUGAUGAUCGUCUUCUCUCCUUCGGGGGGGUAAGAGGGAGGGAACGCAGUCUGAGUGG,RF00012
Z12613.1/694-912,AAGACUAUACUUUCAGGGAUCAUUUCUAUAGGUUGUACCUGGUGAAAUGUGCUCGAAAGUGUCUGAACUCACAAACCACGAGGAAGAGCGUCAGUGUUCUCUCCUGAGCGUGAAGUGAGCUCACAGUGCUGCUUCAUUGUGGCUGCUGUUUGCUAUUGAUGAACGUUCUGCUCCCCUUUAUUAUUGGGGAGAUGGAGGGAGAGAACACAGGCUGAGUGG,RF00012
X05499.1/124-451,AACACAUUCUACAGUAGGAUCAUUUCUAUAGGAAUCGUCACUCUUUGACUCUUCAAAAGAGCCACUGAAUCCAACUUGGUUGAUGAGUCCCAUAACCUUUGUACCCCAGAGUGAGAAACCGAAAUUGAAUCUAAAUUAGCUUGGUCCGCAAUCCUUAGCGGUUCGGCCAUCUAUAAUUUUGAAUAAAAAUUUUCUUUGCCGUUGCAUUUGUAGUUUUUUCCUUUGGAAGUAAUUACAAUAUUUUAUGGCGCGAUGAUCUUGACCCAUCCUAUGUACUUCUUUUUUGAAGGGAUAGGGCUCUAUGGGUGGGUACAAAUGGCAGUCUGAC,RF00012
U18778.1/15676-15517,AUCCUUAUGCACGGGAAAUACGCAUAUCAGUGAGGAUUCGUCCGAGAUUGUGUUUUUGCUGGUUGAAAUUUAAUUAUAAACCAGACCGUCUCCUCAUGGUCAAUUCGGUGUUCGCUUUUGAAUACUUCAAGACUAUGUAGGGAAUUUUUGGAAUACCUUU,RF00015
X58844.1/2-130,ACCUCGCGACAGGGGCAAUAUAGCAGCAAGUGACGGUUAACUGAUGCGCUAUUAUUGCUAGUUGAAAACUACUUCAAUAAGUGGAAACGACGCUUGCGUCGGGUCCCAAUUUCUGGAAGGUCGUAUGAC,RF00015
K03095.1/1-130,AGCUUAGCGCAGUGGCAAUACCGUAACCAAUGAAGCCUCCCUGAGGUGCGGUUAUUGCUAGUUGAAAACUUUAACCAACCCACGCCAUGGGACGUGAAAUACCGUCCACUACGGCAAUUUUUGGAAGCCC,RF00015
K00782.1/2-136,AACUUUGCAGUGGCAGUAUCGUAGCCAAUGAGGUUUAUCCGAGGCGCGAUUAUUGCUAAUUGAAAACUUUUCCCAAUACCCCGCCGUGACGACUUGAAAUAUAGUCGGCAUUGGCAAUUUUUGUCUCUACGGAGA,RF00015
X15931.1/1-150,AUCUUUGCGCUUGGGGCAAUGACGCAGCUAGUGAGGUACUAACCGAGGCGCGUCUAUUGCUGGUUGAAAACUAUUUCCAAACCCCCUCUUGGGCCUGGGCUUUGCUUGGGCCUUUGAGAAUUUCUGGAAGGGCUCCCUCUGGGUAAAGCC,RF00015
X15491.1/209-337,AUCUUUGUGCACGGGUAUUACGCUUAUCAGUGAGGAACUUUUCCUAGAUGGCGUUAUUGCUAGUUGAAAACUAUUACCCUGACCGCUCCAACUCUCGUUAAGAGUUUUGGGAAUAUUUGGAAACCAACU,RF00015
X59361.1/1-140,AGCUUUGCGCAGUGGCAGUAUCGUGCCAAUGAGGUUUAUCCGAGGCGCGAUUAUUGCUAAUUGAAAACUUUUCCCAAUACCCCGCCGUGACGACUUGCAAUAUAGUCGGCAUUGGCAAUUUUUGACAGUCUCUACGGAGA,RF00015
L22250.1/171-310,AGCUUUGCGCAGAGGCGAUAACGUGACCAAUGAGGCUCAGCCGAGGUGCGUUUAUUGCUGGUUGAAAACUUUCACCCAAUUGCCCGCCGCGGCGCCUGAAACAUGGCGGCCGUACGAAUUUUUGAACGCCCUGAAGGGGG,RF00015
X13840.1/1-121,UUUGCGCUUGGGGCAAUAUUAUAGCGCGUGACCGAAAGGGAUGCAUAAUUAUUGCUAGUUGAAAACUAAUCUAAUGGCUGCGGUGACCCCUCGUGGUCAGGCUGCAAUUUUUGAAAAAGCU,RF00015
X07113.1/1-150,AUCUUUGCGCUUGGGGCAAUGACGUAGCUAGUGAGGUUCUAACCGAGGCGCGUCUAUUGCUGGUUGAAAACUAUUUCUAAACCCCCUCUUAGGCUUGAGUUUAACUCAAGCCUUUGAGAAUUUCUGGAAGGACUCCUUCGGGGUAAAGUC,RF00015
M14136.1/1141-1281,AGCUUUGCGCAGUGGCAGUAUCGUAGCCAAUGAGGUUAAUCCGAGGCGCGAUUAUUGCUAAUUGAAAACUUUUCCCAAUACCCCGCCAUGACGACUUGAAAUAUAGUCGGCAUUGGCAAUUUUUGACAGUCUCUACGGAGA,RF00015
AE003664.2/78699-78837,AUCUUUGCGCAGAGGCGAUAUCGUAACCAAUGAAGUUCUACUGAGGUGCGAUUAUUGCUAGUUGAAAACUUUAACCAAUACCCCGCCAUGGGGACGUGAAAUACCGUCCACUACGGCAAUUUUUGGAAGCCCGAGAGGG,RF00015
X07112.1/1-152,AUCUUUGCGCUUGGGGCAAUGACGUAGCUAGUGAGGUUCUAACCGAGGCGCGUCUAUUGCUGGUUGAAAACUAUUUGCCAAACCCCUCUUAGGCUUGGGCUUGGGUUCAAGCCUUUGAGAAUUUCUGGAAGGACUCCCUUUGGGGUAAAGUC,RF00015
X67145.1/194-344,AUCUUUGCGCUUGGGGCAAUGACGCAGCUAAUGAGGUUCUAACCGAGGCGCGUCUAUUGCUGGUUGAAAACUAUUUCCAAACCCCCUCCUAGGCCUAAGCUUGUCUUAGGCCUUCGAGAAUUUCUGGAAGGGCUCCCUUUGGGGUAAAGCC,RF00015
K00474.1/2-142,AGCUUUGCGCAGUGGCAGUAUCGUAGCCAAUGAGGUUAAUCCGAGGCGCGAUUAUUGCUAAUUGAAAACUUUUCCCAAUACCCCGCCGUGACGACUUGCAAUAUAGUCGGCAUUGGCAAUUUUUGACAGUCUCUACGGAGA,RF00015
X07828.1/1-139,AGCUUUGCGCUGGGGCGAUAACGUGACCAAUGAGGCUUUGCCGAGGUGCGUUUAUUGCUGGUUGAAAACUUUUCCCAAUUGCCCGCGAUGUCCCCUGAAACAUGGGUGGCAUACGCAAUUUUUGAACGCCUCUAGGAGG,RF00015
X67146.1/296-445,AUCUUUGCGCUUGGGGCAAUGACGCAGCUAAUGAGGUACUAACCGAGGCGCGUCUAUUGCUGGUUGAAAACUAUUUCCAAACCCCCUCCUGGGCCUAAGCUUGUCUUGGGCCUUCGAGAAUUUCUGGAAGGGCUCCCUUUGGGUAAAGCC,RF00015
AE003669.4/204840-204702,AUCUUUGCGCAGUGGCAAUACCGUAACCAAUGAAGUCCUCCUGAGGUGCGGUUAUUGCUAGUUGAAAACUUUAACCAAUACCCCGCCAUGGGGACGUGAAAUACCGUCCACUACGGCAAUUUUUGGAAGCCCGAGAGGG,RF00015
M18004.1/2-142,AGCUUUGCGCAGUGGCAGUAUCGUAGCCAAUGAGGUUUAUCCGAGGCGCGAUUAUUGCUAAUUGAAAACUUUUCCCAAUACCCCGCCGUGACGACUUGCAAUAUAGUCGGCAUUGGCAAUUUUUGACAGUCUCUACGGAGA,RF00015
X15932.1/1-149,AUCUUUGCGCUUGGGGCAAUGACGCAGCUAGUGAGGUUCUAACCGAGGUGCGUCUAUUGCUGGUUGAAAACUAUUUCCAAACCCCCUCUUAGGCUUGAGGCAACUCAAGCCUUUGAGAAUUUUUGGAAGGACUCCCUUAGGGUAAAGUC,RF00015
X15933.1/1-149,AUCUUUGCGCUUGGGGCAAUGACGCAGCUAGUGAGGUUCUAACCGAGGCGCGUCUAUUGCUGGUUGAAAACUAUUUCCAAACCCCCUCUUAGGCUUGAGGUAACUCAAGCCUUUGAGAAUUUCUGGAAGGGCUCCCUUAGGGUAAAGUC,RF00015
AC004263.1/99622-99482,AGCUUUGCGCAGUGGCAGUAUCGUAGCCAAUGAGGUUUAUCCGAGGCGCGAUUAUUGCUAAUUGAAAACUUUUCCCAAUACCCCGCCAUGACGACUUGAAAUAUAGUCGGCAUUGGCAAUUUUUGACAGUCUCUACGGAGA,RF00015
X51382.1/183-319,AGCUUUGCGCUGGGGCGAUAACGUGACCAAUGAGGCUUUGCGAGGUGCGUUUAUUGCUGGUUGAAAACUUUUCCCAAUUGCCCGCGAUGUCCCCUGAAACAUGGGUGGCAUACGCAAUUUUUGAACNCUCUAGGAGG,RF00015
M14136.1/535-675,AGCUUUGCGCAGUGGCAGUAUCGUAGCCAAUGAGGUUUAUCCGAGGCGCGAUUAUUGCUAGUUGAAAACUUUUCCCAAUACCCCGCCAUGACGACUUGAAAUAUAGUCGGCAUUGGCAAUUUUUGAGAGCCUCCCCGGAGG,RF00015
AC004263.1/100956-100816,AGCUUUGCGCAGUGGCAGUAUCGUAGCCAAUGAGGUCUAUCCGAGGCGCGAUUAUUGCUAAUUGAAAACUUUUCCCAAUACCCCGCCGUGACGACUUGCAAUAUAGUCGGCACUGGCAAUUUUUGACAGUCUCUACGGAGA,RF00015
AP000058.1/196062-195789,GGGGCCCCGAAGGCGCCACGCGGGGGCCAGAAGAACCCGCCCCCAGAGCUUGAAGCAGGCCAGCAAGGGCCUGCAGGGUACAAUGAACCCCGUCCCGCGGGGCCGGCGGAGGCGGGCGGCCAGCCGGAGGGCCGGCCGAAGCCGCCGUAGCCGGGGCCACCCGGCGAGGCCCGGAAGGGAGCAGCCGACCCCGGCCGACCGGCGUUCGCGGGGGGAACGGGGGGAGAAGCCCUGCAGGGUAACCCUCUGGCCUGCUUCAAACUCUGGGAGCGGG,RF00017
X01055.1/1-297,GCCGGGCGCUGUGGCGUGUGCCUGUAAUCCAGCUACUUGGAGGCUUGGGCUGUCGGAUCGCUUGAGUCCAUGAGUUCUGGGCUGCACUGAGCUAUGUCGAUCGGGUGUCCGCACUAAGUUCGGUAUCAAUAUGGUUUUCCUGGGGGAGCCUCGGAUCACCAGGUUGCUCUAAGGAGGGGUGAACCGGCCUAGGUCGGAAACGGAGCAGGUCAAAACCCCCGUGCCGAUCAGUAGUGGGAUCGCGCCUGUGAAUAGCCGGUGCAGAACAGCCUGAACAACACAGCGAGACACAGUUCU,RF00017
AF006750.1/731-1010,GCCGGAGCCUUGCUCUGUAACCUUCGGGGGCUUUCACCAGCUGAACAGGGAGCUGUCUGGACCAGCAUAGGGUGCUUGCGGCGUUGACGUGGUGCUCUGCUUGGCUGUGUGUCGGAGGCCUCCGGGUGCCCCCUUGCAGAAGGGGCGCGCCCCCUCCGUUAAAGUAGAGGAACUGGGUCAGGCCGGCAACGGAGCAGCCCACCUCGCGCACGUCUGCCGUUGCAGAACCACACCGCGGAGCCUGUCAUCACCUGCGCCCCAGGCGAUCCUGUGAAGCUUU,RF00017
Z29101.1/1-302,GUCGAGCUUAGUAACGUGGGCUUGUAACCCAAGUGGGGAUGUUAAGGUGGUGGAAUAUUGGGCUGUCCCAGAUGGCUGGGCUUGGUGGGCUAAUUUCUGGCCUGCCCUAUCCAAGUACAGAGUUGGAUCAUGUGGUCCAAUUGAAAGAAUGGGCUACUAGAUUCCUAAAGUGGGGUGGACCCGUGAGGCUGGUUUCACAGAGCAACGAAAAACUUCCGCUUUGUGCAGUGGAAGGAUAACGGACCGGUGCCUUCCAAGUUCCAUUAAUGCCUGAUGGGCUGUUCUAGUUAAACUACCACAUU,RF00017
M21085.1/9-299,GCCGGGGGCUCGCCCUCCCCCGAGCCCCGAAAUGGGCGUAAUGCGGGGGCCAGUAACCCGCACGUCGGCCGUAGUGGUCCAGGGCAGACCCGGCCGACCCAUGACCCCCGUCCCGCGGGGCCGGCGGCGCGGAGCCCCCUCCGGAGGGAGGGAGGCUACCGCCCUUACCGGGGGAACCAGGCCAGGCCCGGAAGGGAGCAACCUAACCCCGGACGCCCGGCGUUCGCGGGGCCACGGGGUGAGGCAACGGCCGGGCCCCCUGCCCUGGGCCCCUACGGCUGGCGUGCGGGG,RF00017
X17240.1/14-307,GCCGGGGGGUUCGGCGUCCCCUGUAACCGGAAACCGUCGAUACGCCGGGGCCGAAGCCCGGGGGGCGGUUCCCGAAGCCGUUCCCGGAAGCCGGGGCACAACGGUGAUCCCUCGUCCCACGGGGCCGGCGGUGGGCGGGGUCCGGCUGGAGGGCCGGGCUAACGCCCUUUGCCCGCCGAACCCCGUCAGGCCCGGAAGGGAGCAGCGGUAGGCGGGACGUUCGGCGCUCGUGGGGUAGCGGGGGUGAGCGAGCCCCGGUGGAAGGGGACGGUGGAGGGUCCCCACCCCCGGGCG,RF00017
AB021174.1/1-299,GCCGGGCGCGGUGGCGCGCGCCUGUAGUCCCAGCUACUCGGGAGGCUGAGGCCGGAGGAUCGCUUGAGUCCAGGAGUUCUGGGCUGUCGUGCGCUAUGCCGAUCGGGUGUCCGCACUAAGUUCGGCAUCAAUAUGGUGACCUCCCGGGAGCGGGGGACCACCAGGUUGCCUAAGGAGGGGUGAACCGGCCCAGGUCGGAAACGGAGCAGGUCAAAACUCCCGUGCUGAUCAGUAGUGGGAUCGCGCCUGUGAAUAGCCACUGCACUCCAGCCUGGGCAACAUAGCGAGACCCUGUCUCC,RF00017
Z29099.1/1-303,GCCGAGCUCAGUAGCGUGGGCUUGUAACUCAAGUGAGGGCAUCAGUGUGGUGGAAUGUUGAACAUGCCCAGAAGGUAGGGCUUGUGUGACAAUUCUCUGGCCUGCCCUGUCCAAGCAAAGAGUUGGGUCUUGUGGGCCAAGCGAAGGCUUGGGCUGCUGGGCUCCUAAAGUGGGGUGGACUGCGUGAGGCUGGUUUCACAGAGCAACGAAUAGCUCCCGCUCUGUGCAGUGGAAGGAUAACGAGCCAGUGUCAUAUAAGUUCAACGAAUGUCUGAUGGGCUGUUCUAGUUAAACUACCACAUU,RF00017
Z29261.1/1-303,GCCGAGCUUAGUAACGUGGGCUUGUAACCCAAGUGGGGAUGUUAAGGUGGUGGAAUAUUGGGCUGUCCCAGAUGGCUGGGCUUGGUGGGCUAAUUUCUGGCCUGCCCUAUCCAAGCACAGAGUUGGAUCAUGUGGUCCAAUUGAAAGAAUGGGCUACUAGAUUCCUAAAGUGGGGUGGACCGCGUGAGGCUGGUUUCACAGAGCAACGAAAAACUUCCGCUUUGUGCAGUGGAAGGAUAACGGACCGGUGCCUUCCAAGUUCCAUUAAUGCCUGAUGGGCUGCUCCAAUUAAACCACCACUUU,RF00017
Z99259.1/7742-7997,CGCUGUAAUGGCUUGGUCGAAGUGUUUAGUACUCCCAAUAGUGCAUGUUCGGUGGUCUCGGGUUCGAGUCUCGCUUUCGAUCCCUCGAUCUGCCACGUCUGUUCGAAGAGUAGUCUUCGUGGCAACUGGCAGUUAAACCGUGUAGUACCGAUGGAGGUUGGAAACAAUGCACAUCACUACCGGGUCUUGGGCAGUGCGAUAGCGAUGGGAUUCACCUUCGCAGGAUGUGCAUGGAAGUAUAAACACAACGGUCGUU,RF00017
Z29106.1/1-301,GCCGAGCUUAGUAAUGUGGGCUUGUAACCCAAAUGGGGGCAUUAAUGUGGUGGAAUGUUGGGCUGUACCAGAUGGUUGGGCUUGGUGGGCUAAUUUCUGACUUGCCCUAUCCAAGCUUAGAGUUGGAUCAUGUGGCCCAAUUGAAGAAAUGGACUACUUGAUUCGUAAAGUGGGGCGGAAUGCGUGAGGCUGGUUUCACAGAGCAACGAUAAGUUUCGCUCUAAGCGGUGGAAGGAUAACGAGUCGGUGUUCUCUGAGUCCAGUAACGCCUGAUGGGUUGCUCCAAUUAAACCACCAUUUU,RF00017
X65984.1/1-306,GCCGGUCUUAGCAACGUGGGCCUGUAACCCAAGUGGGGGCAUGUGGGAAAUGGGACUUUGGGUCAACCUAGUGGAUCGGGUCCAGUGUUAGCUGCUUACUGGUCUGCCCAUUCCAAGCCGGGAGUUGGGCUGAGUGACCUGGGCGAAGGGCUGGGUUGCGCACGUCCUAGAGUGGAGGGCAAUGCGUGAGGCUGGCUUCACAGAGCAGCGACUACCUCCCGCUCUCGGCAGUGGAAGGAUAACGGGCCGGUGCUACCUGGGUCCACCAUGCUUCACUAGGCUGACUCUUAAUAGGACCAUUUCUUU,RF00017
AL354512.3/23429-23155,GCCGGAGCUCUGCUCUGUAACCUUCGGGGGCUAACCAGGCUUAGCGGGGAGGACGUGGACCAGCGAGGGUGAUUUGCUGCGUUGACGUGGUGCUCUGCUUGGCUGUGUGUCGGUGUGGCUUGCCCCCCUGCAGAGGGUGGCGCGGGUCCGCCGUUGAAGCGAGGGAACCGGGUCAGGCCGGAAACGGAGCAGCCCACCCCACGCACGUCCGCCGUUGCAGAAUCACACCGCGGAGCAUGUCCGCACUUGAGCCCCACGCUUCGUCGCGAAGCCUU,RF00017
X57047.1/401-126,AGCCGGAGCGCAUUGCUCUGUAACCUUCGGGGGCUGAUCCCGCUUAGCGGGGACGUCUUGGACAAGCGGGGGUUCUGUUGCGUUGACUUGGUGUUCUGCUUGGUUGCGUGUCGGUGUUGAGGUCGCCACUGUAGAGAGGCGUUCUCGCGCCGUUAAAGUGGGGGGAACGGGUCAGGCCGGUGACGGAGCAGCCCACCUUGCGCACGUUCCCGUUGCAGAAGCACACCGAGGAGCAUCUCAGGACUUUGCGCCCCAAGUGUCGUCGCGAGGCGGUUU,RF00017
Z30973.1/7231-6935,ACCGAGCGUCGUGGCGGGCGCUUGUGAGUCAGCUUCUUGACGGUAGAUAAGUGUGGAUGGAGUGAGAGGAGGAGUCCUGUGUAUGUCGUUGUCAACGUCGACCGAGCGUCCGUGCCAAGCGCUGCGUCACCAGGGGAUGACUGUCGGAAGAUGGUCAGUCCCGGGUGCAUAAGGAGUGGUGGAUGGUUCAGGACCGAAAGGUAGCAGACAAAAGCCACCGCGCGGUGCAGUGGCCGGACUGCGCUUGUGAGUUGACACGUAUACACAGCCUUCUCAAUACCUUCAGACCACUUGUUU,RF00017
U67510.1/7006-7301,GCCGGGGGGUUGGGCGUCCCCUGUAACCCGAAAUCGCCCUUAUGCGGGGGCCGAAAACUUGGGGGCGGCAUGUCCUCCAGUCCUUCCUUCCCAGACUCCUCGAUGAGGUCUCGUCCCGUGGGGCUCGGCGGUGGGGGAGCAUCUCCUGUAGGGGAGAUGUAACCCCCUUUACCUGCCGAACCCCGCCAGGCCCGGAAGGGAGCAACGGUAGGCAGGACGUCGGCGCUCACGGGGGUGCGGGACGGAGAAGGAAUCUGGGGGCGAGGGAGGACUGGAGGACAUGCCCACCCCAAGGA,RF00017
AC079888.10/27802-27493,GCCGAGCCAGGUAGCGUUGGCUUGUCACCCGAGCGGGGGCAAUAAGGUGGUGUUGGAUGCCUGGUCGUUUGCGCUUGGGGUCUGCGCCUGUGGUUUGCACUAUGCGGCCCGCCCGUUCCAAGUUGCGUAGCGUGUGUGGGGCGCCUGGGCGAAGGCUCGAGCGUCCCUGCACCUAGAGUGGCGGGUAUUGCGUGAGGCUGGUUUCACAGAGCAGCGAGUACCGCCCGCUUCCAACGGUGGAAGGAUAACGGGCCGCUGCAGCCCUGGCCCGCUUCCGGCCCAAGUGCCUUCCAUGGCAGACCACCACCUU,RF00017
AE000940.1/8761-9056,ACCGGAGGGUUAGGGGUCCUCUGUAAGCGCAAAUCCCCUAUAUGGCGCGGUUGAAGUUCGGGGGACGGCUGAUUGACUGUCCAUCGGCCCUGAUGGUCGGUGUCGAAGCCUCGUCCCGCAGGAUCAGUGGUGAUGGGGCCCUGACUGGAGGGUCAGGGUAAACCAUCUUAGUCAUGGGAACGGGUCAGGCCUGGAAAGGAGCAGCCCUACCAUGGACAGCUGAUGCUUGCGGAUUAACGGGGUGGAGCCGGUCAUCAGGAUCACCGGCGGAUGGAAGAUCUGUCAACCCCUGAACG,RF00017
AE013320.1/6338-6044,UCCGGGUAGCCCGGCGUUACCUGUAACCCGAAAUCGCCGAUACGCGGGGGACGAAGCCAAAGGAAGAUGUGCCAGAGAGAUUCCAGCCUGAAGUCUCAACUGAGAAGCCCCGUCCUGCUUGGAUGGUGCAGGUAUGCGGGCCUGCUGGAAAACAGGUUCUCAUACCCUAACCGUGGAAACCGGUCGAGGCCCGGAAGGGAGCAGACUCACUGUGGGCAACCGUCGCUUGCGGGGUCGCGGGGUGGAGAAGAGAUCUCAGCCUACUGGAGCUUCCGAGGCGCAGCGACCUGAGGCG,RF00017
AP000996.2/169413-169130,GCCGGGGGGUUAGGCGUCCCCUGUACCCGAAGUCUAGAUGCGGGGGCGACAGCCCGGUGAGACCACCUGGGUUUCUGUCAGGCCCCGUGGAAUCAUUGAUCCUCUGUCCCUCUGGAUCGGAGGCCUGCAUGUACAUCCUCAAAGGAGGGUGUAUGUGCAGCCUACCAGGGGAACGCGCCAGGCCCGGAAGGGAGCAACGACACCCUGGACUCUCGAUGCUGGAGGGGUGCGGGGGUGAGAGGAAGCGGGGGGUACCUGGCAGGACGCCCAGACCGAACCGGGUG,RF00017
U40756.1/3688-3391,GCCGGGUACGGUGGCGCGUGCCUGUAAUCCAAGCUACUGGGAGGCUGAGGCUGGCGGAUCGCUUGAGCUCAGGAGUUCUGGGCUUCAGCGGACUAUGUCGAUCGGGUGUCCGUACUAAGUUCGGUAUCGAUAUGGUGCUCCUGGGGGAGCCCGGGAUCACCAGGUCGCCUAAGGAGGGGUGCCCCGGCCCAGGUCGGAAACGAAGCAGGUCAAAGCCCCCGUGCCGCUCAGUAGUGGGAUCGCGCCCGUGAAUAGACGCUGUAGUUCAACCUGAGUAACACAGCGGGACUCAGUCUUU,RF00017
U00064.1/12850-13146,ACCGAGCGUCGUGGCGGGCGCUUGUGAGUCAGCUUCUUGACGGUAGAUAAGUGUGGAUGGAGUGAGAGGAGGAGUCCUGUGUAUGUCGUUGUCUACGUCGACCGAGCGUCCGUGCCAAGCGCUACGUCACCAGGGGAUAACUGUCGGAAGGCGGUUAGUCCCGGGUGCAUAAGGAGUCGUGGAUGGUUCAGGACCGAAAGGUAGCAGACAAAAGCGACCGCGUGGUGCAGUGGCCGGACCGCGCUUGUGAGUUGACACACAUACGCAGCCUUCUCGAUACCUUCAGACCACUUAUCA,RF00017
X65990.1/1-300,GGCCUAGCAACGUGGGCCUGUAACCCAAGUGGGGGCAUGUGGGAGAUGGGACUUUGGGUCAGCCCAUUGGAUCGGGUCCAGUGUUAGCUGCUUGCUGGUCUGCCCAUUCCAAGCCGAGAGUUGGGCUGUGUGAUCUGGGCGAAGGCUGGGGUCGCACAGCUCCUAAAGAGGAGGGCAAUGCGUGAGGCUGGUUUCACAGAGCAGCGACCACCUCCCGCUCUCGGCAGUGGAAGGAUAACGGGUCGGUGCUACUUGGGCCACCAUGGUCACUGCAUGCACUCUUAAUCAGACCAUCUCUUU,RF00017
AE010387.1/4828-4528,GCCGGCGGGCUGGCGGUCCGCUGUAACCCGAAAUCCGCCUCAUGCGGGGGCCGAAGCCGAGGGGGCGGCCCGGUCCCCCGGAGUACCGGCCCCCCGGACCCGACCGAUGACCCUCCGGCCCCCCGGGGGCCCGGGGUGGCGGGGCCGCCGCCGGAGGGCGGCGCGCCACCGCCUUUGCCGGGGCACCGGGUCAGGCCCGAGAGGGAGCAGCCCACCCCGGACCCGCGGCCGCUCGGGGGUCGCCGGAGGCAGGUCGGCCGGGGGAGUACCGGGCUCCGGGGGCCGGGUCCACCCCUCGGCG,RF00017
AL445063.1/194119-194402,GCCGGGGGGUUAGGCGUCCCCUGUACCCGAAGUCUAGAUGCGGGGGCGACAGCCCGGUGAGACCACCUGGGUUUCUGCCAGGCCCUGCGGAAUCAAUGAUCUCCUGUCCCUCUGGAUCGGAGGCCCAUGGACACGAUCUCAAAGGAGAACGCGCCCAUGGCUUGCCAGGGGAACGCGCCAGGCCCGGAAGGGAGCAACGACACCCUGGACUCUCGAUGCUGGAGGGGUGCGGGGGUGAGAGGAAACAGGGGGUACCUGACAGGACGCCCAGACCGAACCGGGUG,RF00017
AF395888.1/197-488,GUCGGGCAGUUAGGCCCUGCUCUUCACCCGCGAAAUAGGUCUUUAGCGGGGACCGAACACGGGCGCGUCCGGUCAGACCGGCGCGGGCCCCGGAAGCCAACGUAGAAACCUCGUCCUUCGGGGACAGCGGUUCCGCGUACCCCUUCCGCAGGGAAGGGUUCGCGCGGUUUAUCGGUGGUACCCCGCCAGGCGCGGAAGCGAGCAGCGGACCAUCGGACGUGCGUCGCUCGAGGGAUCGCGGGGUGGAGGAGGCAACCGGGAUUCCCCACGUCGGAACGCCGGGCAACCUCGC,RF00017
Z29105.1/1-303,GUUGAGCUUAGUAACGUGGGCUUGUAAUCCAAGUGGAGACAUCAAAGUGGUUGAAUAUUGGGCUGUACCAGAUGGUUGGGCUUGGUGGGCUAAUUUCUGACUUGCCCUAUCCAAGCUUAGAGUUGGAUCAUGUGGCCCAAUUGAAGAAAUGGACUACUUGAUUCGUAAAGUGGGGCGGAAUGCGUGAGGCUGGUUUCACAGAGCAGUGAACAGCUCCCGCUCUGUGCAGUGGAAGGAUAAUGGGUCGGUGUCUUAUCAAGUUCAGUAACGCCUAAUGGGUUGCUCCAAUAAACAACCACCUUU,RF00017
Y08257.1/50512-50799,GUGGGGGAUCUCGCCAAUCCCUAUUACCCGCAAGGCGUAAUGCGGGCACCAGUAACUCCUACCCUAUGGUGUCUCCUAUCUGUAGGUCCCAGUGGAGCGAUGAAGCCUGCCCAGCGGGGCUUGGCGGUCAUGGGCUUUCUCUCCGGAGGGAGAGAAAGUACCAUGAUAGCUGGGGGAAUCGGCGAGGCCCGGAAGGGAGCAGCCGUGCCUGGACGCCAGCGUUCGCUGGUCAACAGCCAGAGUGAAACUGGGGUAAACCUAUAGAUAGGUAGGCCAUGGGGUAGGGGG,RF00017
AJ248283.1/57201-56921,CGUCCCCUGUAACCGGAAACCGCCGAUAUGCCGGGGCCGAAGCCCGAGGGGCGGUUCCCGAAGCCGCCUCCGGAAGCCAGGGCCGAACGAUGAGUCCUCGUCCCGCGGGGUGCCCGGUGGGGGAGGCACGGCUGAAGGGCCGUGCUAACCCCCUUUAGGCCCCAAACCCCGCAAGGCCCGGAAGGGAGCAGCGGUAGGGGCCACGGAGCACGCUCGCGGGGGUGCGGGGAUGAGGUAGGCCCUGGUGAAAGGAGGCGGUGGAGGGUUCCCACCCUCGGGCG,RF00017
Z34533.1/38786-39082,ACCGAGCGUCGUGGCGGGCGCUUGUGAGUCAGCUUCUUGACGGUAGAUGAGUGUGGAUGGAGUGAGAGGAGGAGUCCUGUGUAUGUCGUUGUCAACGUCGACCGAGCGUCCGUGCCAAGCGCUGCGUCACCAGGGGAUGACUGUCGGAAGAUGGUCAGUCCCGGGUGCAUAAGGAGUGGUGGAUGGUUCAGGACCGAAAGGUAGCAGACAAAAGCCACCGCGCGGUGCAGUGGCCGGACAGCGCUUGUGAGUUGACACGUAUACACAGCCUUCUCAAUACCUUCAGACCACUUGUCA,RF00017
X17238.1/12-306,UCCGGGUAGCCCGGCGUUACCUGUAACCCGAAAUCGCCGAUAUGCGGGGGACGAAGCCAAUGGAAGAUGCGUCAAAGGGAUUCCAGCCUGUGAUCUCAACUGAGAAACCCCGUCCUGCUUGGAUGAUGCAGGUAUGUGGACUUGCUGGAAAACAGGUCCUCAUACCCUAACUGCGGAAACCGGUCGAGGCCCGGAAGGGAGCAGACUCACUGUGGGCAACCGUCGCUUGCGGGGUCGCGGGGUGGAGAAGAGAUUCCAGUCUACUGAAAUCUCCCAGAUACAACGACCUGCGGUG,RF00017
Z29104.1/1-303,GCCGAGCUUAGUAAUGUGGGCUUGUAACCCAAAUGGGGGCAUUAAUGUGGUGGAAUGUUGGGCUGUACCAGAUGGUUGGGCUUGGUGGGCUAAUUUCUGGCCUGCCCUAUCCAAGCACAGAGUUGGAUCAUGUGGUCCAAUUGAAAGAAUGGGCUACUAGAUUCCUAAAGUGGGGUGGACCGCGUGAGGCUGGUUUCACAGAGCAACGAAAAACUUCCGCUUUGUGCAGUGGAAGGAUAACGGACCGGUGCCUUCCAAGUUCCAUUAAUGCCUGAUGGGCUGCUCCAAUUAAACCACCACUUU,RF00017
X65985.1/1-302,GGCCUUAGCAACGUGGGCCUGUAACCCAAGUGGGGGCAUGUGGGAAAUGGAACAUUGGGUCAGCCCAGUGGAUCGGGUCCAGUGUUAGCUGCUUACUGGUCUGCCCAUUCCAAGCCGGGAGUUGGGCUGAGUGACCUGGGCGAAGGCCUGGGUUGCGCAGCUCCUAGAGUGGAGGGCAAUGCGUGAGGCUGGUUUCACAGAGCAGCGACUACCUCCCGCUCCCGGCAGUGGAAGGAUAACGGGCCGGUGCUACUUGGUCCACCAUGUUCACUGGUCCUGACUCUUAAUCGGACCAUUUCCUU,RF00017
M20837.1/128-397,CUUAGCUGUAAUGGCAUUUUGUCGGAGUGGUAAAUCGUCUUCUUGUUGUGCGUUCGAGUCUUGGGCUCUGCACUUGGCCAUUUGGUUGUCCUUUCCGAAUUCUGCGGUUGAUGGGCGUCUCGGUCUGAGUAAUCGGCUUUGAGAUUUCCGUUCUAAGAUUAACUGGGAAACUUCAGUGGAGCAAUCCAGCAGAGAUCCAGUUGCCGUGGGUAUGGCGGUGGGAUCGCAACCAAGUGGUAUAUGUUAUGGAAGAUAUUUACGAUCACGAUU,RF00017
AC005662.3/47366-47062,GUCGAACUCAGUAACGCGGGCUUGUGAUCCAAGUGGAGACAAUAAGGGGAUGGGACGUUGGGUCGAUCUCAUUGGGCCGGGUUCGGGUUGGGCUAUAUUCUGGCCCGCCCAUUCCAAGUUGGGAGUUGAGGCAUGGGCUUCGAGCGAAGGCUCGGGUCUCAUGUCUUCUAGAGUGGGGGAGACCGCGUGAGGCUGGUUUCACAGAGCAGCGUCCACCUCCCGCUCUUGACGGUGGAAGGAUUACGGGCCAUUGCCUUCCGAGCCCACUAUGACCCAAUAAGCCGCUCCGAUUGGACCAUCACUUU,RF00017
AB020752.1/35792-36096,GUCGAGCUAUGUAACGAGAGCUUGUAACCCAAGUGGGGACUAUAAGAUGGUGGAACACUGGAUCGGCCCACGGGUCGGAUUUGUUGUUGGCAUAGGUCUGGACUGCCCAAUCCAAGCUGUGAGUGAACCGUAUGAACCAAGCGAAGGUUUGAUCCGUACGGUUGCUAAAGGUUGAGGGUAUUGCGUUAGGCUGGCUUCACAGAGCAGCGACUACCUCCCGCUCUCAGCAGUGGACGGACAACGGUUCGACGCCACACAAAUCCACUAUGGUCCGCUGGCUCGUAACCCGCUUGAACCACCAUUUU,RF00017
Z29111.1/1-301,GUUGAGCUUAGUAACGUGGGCUUGUAACCCAAGUGGGGAUGUUAAUGUGGUGGAAUGUUGGGCUGUACCAGAUGGUUGGGCUUGGUGGGCUAAUUUCUGACUUGCCCUAUCCAAGCUUAGAGUUGGAUCAUGUGGCCCAAUUGAAGAAAUGGACUACUUGAUUCGUAAAGUGGGGCGGAAUGCGUGAGGCUGGUUUCACAGAGCAACGAUAAGUUUCGCUCUAAGCGGUGGAAGGAUAACGAGUCGGUGUUCUCUGAGUCCAGUAACGCCUGAUGGGUUGCUCCAAUUAAACCACCAUUUU,RF00017
Z29103.1/1-303,GCCGAGCUUUGUAACGUGGGCUUGUAACCCGAGUGGGGGCAACAAUGUGGUGGAAUGUUGGGUCCAUCUUGAUGGAUGGGCUUGAAGGGCUAAUGUUCUGGCCUGCCCUGUCCAAGCACAGAGUUGGGUCAAGUGGUCUAUACGAAAGUAUAGCCACUUGGCCUUUAGAGUGGGAUGGACUGCGUGAGGCUGGUUUCACAGAGCAACGACUAGUCCCCGCUCUGUGCAGUGGAAGGAUCACGGGCUAGUGCUCUUUGAGUCCUAACAAAAACCUGAUAGGUUGCCUAAUUAAACCAUCACUUU,RF00017
X51658.1/237-504,AGCUGUAAUGGCAUUUUGUCGGAGUGGUAAAUCGCCUUCUUGUUGUGCGUUCGAGUUCUGGACUCUGCACUGGGCUACUUUGUUUGUCCUUUCCGAAUUCUGCGGUUGAUGGGCGUCUCGGUCUGAGUAAUCGGCUUUGAGAUUUCCGUUCUAAGAUUAACUGGGAUACUUCAGUGGAGCAAUCCAGCAGAGAUCCAGUUGCCGUGGGUAUGGCGGUGGGAUAGCAACAAAGUGGUAUAUGUUAUGGAAGGUAUUUGCAAUCACGACU,RF00017
AC002512.1/76041-75744,GACUGGAAGGUUGGCAGCUUCUGUAAUCACGCUUCUGUGAGGUCUGAUUGUGGGAUGGCCUGAGGCUGGGAUCUACUGCGUAGCGGACCAGCUCAUGUUGACGGAACGUCCGCACUAAGCUUGCCAUCAAUAUGGGUGCCAUGGAGGAGUCCGUGGCAUUCAGGUUGGCUAAGGAGGGAUGAACCGGGCCAGGGGUGAAAACCAGCAGCCAAGAGUUCCCGUGGUAGGCAGUAGUGGGAUAGCGUACCGGAGUGGACUGCCGUUAUCAGCCCAACCGAUAUGGUUGGACCACAAUCUU,RF00017
AP000001.1/48865-48571,GCCGGGGGGUUCGGCGUCCCCUGUAACCGGAAACCGCCGAUAUGCCGGGGCCGAAGCCCGAGGGGCGGUUCCCGAAGCCGCCUCUGGAAGCCAGGGCCGAACGAUGAGUCCUCGUCCCGCGGGGUGCCCGGUGGGGGAGGCACGGCUGAAGGGCCGUGCUAACCCCCUUUGGGCCCCAAACCCCGCAAGGCCCGGAAGGGAGCAGCGGUAGGGGCCACGGAGCACGCUCGCGGGGGUGCGGGGAUGAGGUAGGCCCUGGUGAAAGGAGGCGGUGGAGGGUUCCCACCCUCGGGCG,RF00017
Z29112.1/1-302,GUCGAGCUUAGUAAUGUGGGCUUGUAACCCAAAUGGGGGCAUUAAUGUGGUGGAAUGUUGGGCUGUACCAGAUGGUUGGGCUUGGUGGGCUAAUUUCUGACUUGCCCUAUCCAAGCUUAGAGUUGGAUCAUGUGGCCCAAUUGAAGAAAUGGACUACUUGAUUCGUAAAGUGGGGCGGAAUGCGUGAGGCUGGUUUCACAGAGCAACGAUAAGUUUCCGCUCUAAGCGGUGGAAGGAUAACGAGUCGGUGUUCUCUGAGUCCAGUAAUGCCUGAUGGGCUGCUCUAAUUAAACCACCACUUU,RF00017
X65986.1/1-303,GGUCUUAGCAACUUGGUCCUGUAACCCAAGUGGGGGCAUGUGGGAAAUGGAACUUUGGGUCAACCCAGUGGUNCGGGNCCAGUGCUAGCUGCUUACCCGGCUGCCCAUUCCAAGCCGGGAGGUGGGCUGAGGGACCUGGGCGAAGGCUNNNGGNNGCGCACUCCUAGACUGGAGGGCAAUGCGUGAGGCUGGCUUCACAGAGCAGCGACUACCUCCCGCUCUCGGCAGUGGAAGGAUAACGGGCCGGUGCGCCUUGAGCCAACACUGUUCAACUGGGCUGACUCUUAAUAGGACCAUUUCUUU,RF00017
X65983.1/1-305,GACGGGCUUAGCAACGUGGGCCUGUAACCCAAGUGGGGGCAUGUGGGAAAUGGGACUUUGGGUCAACCUAGUGGAUCGGGUCCAGUGUUAGCUGCUUACUGGUCUGCCCAUUCCAAGCCGGGAGUUGGGCUGAGUGACCUGGGCGAAGGCUGGGUUGCGCAGCUCCUAGAGUGGAGGGCAAUGCGUGAGGCUGGCUUCACAGAGCAGCGACUACCUCCCGCUCUCGGCAGUGGAAGGAUAACGGGCCGGUGCUACCUGGAUCCACCAUGCUUCACUGGGCUGACUCUUAAUAGGACCAUUUCUUU,RF00017
Z29260.1/1-302,GUUGAGCUUAGUAACGUGGGCUUGUAAUCCAAGUGGAGACAUCAAAGUGGUUGAAUAUUGGGCUUUACCAGAAGGUUGGGCUUGGUGGGCUUAGUUCUGGCCUGCCCUGUCCAAGCACAGAGUAGGAUCACGAGGCCCAAAUGAAAAUAUGGGCUUCUUGAUUCCUAAAGCGGGGCGGACCGCAUGAGGCUGGCUUCACAGAGCAGUGAACAGCUCCCGCUCUGUGCAGUGGAAGGAUAAUGGGUCGGUGUCUUAUCAAGUUCAGUAACGCCUAAUGGGUUGCUCCAAUAAACAACCACCUU,RF00017
AC005275.1/105500-105803,GUCGAGCUAAGUAACAUGAGCUUGUAACCCAUGUGGGGACAUUUAGAUGGUGGAACACUGGUUCGGGUCCACGGGCCGGUUCUGUUGUUGGCAUGUUUCUGGGCUGCCCAGUCCAAGCUGUGAGUAAGACGUGUGUGUCAAGCGAAGGCUUGGCUCAAACGGCUUCUAAAGUUGGAGGGUAAUGCGUGAGGCUGGUUUCACAGAGCAGCGACUACUUCCCGCUUACAGCAGUGGACGGAUCACAGUUUAGCGUCGCUCAGAACCACUAUGGCCUGCUGGUCCGAUCUCAUAUGAACCACCAUUU,RF00017
M20910.1/121-419,GCCGGGCGCGGUGGCGCGUGCCUGUAGUCCCAGCUACUCGGGAGGCUGAGGUGGGAGGAUCGCUUGAGCCCAGGAGUUCUGGGCUGUAGUGCGCUAUGCCGAUCGGGUGUCCGCACUAAGUUCGGCAUCAAUAUGGUGACCUCCCGGGAGCGGGGGACCACCAGGUUGCCUAAGGAGGGGUGAACCGGCCCAGGUCGGAAACGGAGCAGGUCAAAACUCCCGUGCUGAUCAGUAGUGGGAUCGCGCCUGUGAAUAGCCACUGCACUCCAGCCUGAGCAACAUAGCGAGACCCCGUCUCU,RF00017
X17237.1/11-302,GCCGGGGGGUUCGGCGUCCCCUGUAACCCGAAACCGCCGAUACGCGGGGGCCGAAGCCGAGGGGAGGCCUGUCAAGCGGGCGGCAGCGGUUCCAGGCACCGCAGAGUCCUCGUCCCGGAGGGCCGGCGGUUAUGGCCGGGCUGCCCGGAGGGGCUGUCCGCCAUAUUAGCCGGGGGGAACGGCCCAGGCCCGGAAGGGAGCAGGCUAACCCCGGACGACCGGCGCUUCCGGGGGUGCGGGGAGGAGGUGCCUGGGGCUUCAAGCCGCCCGUAAGGCAGGUCGACCCGAGGCG,RF00017
Z29107.1/1-302,GUCGAGCUUAGUAACGUGGGCUUGUAAUCCAAGUGGAGACAUCAAAGUGGUUGAAUAUUGGGCUUUACCAGAAGGUUGGGCUUGGUGGGCUUAGUUCUGGCCUGCCCUGUCCAAGCACAGAGUUGGAUCACGAGGCCCAAAUGAAAAUAUGGGCUUCUUGAUUCCUAAAGUGGGGCGGACCGCAUGAGGCUGGCUUCACAGAGCAGUGAACAGCUCCCGCUCUGUGCAGUGGAAGGAUAAUGGGUCGGUGUCUUAUCAAGUUCAGUAACGCCUAAUGGGUUGCUCCAAUAAACAACCACCUU,RF00017
L41730.1/373-476,GCUCGGUCCGAGUUUCAUGGUCUCCAAUGUGUGUGUGUGUGUGUUUUCUUUAGGAACCUCGGUUCCAACCUCAUCUUGACCUUGAAACUACUUUGACCGCUCCU,RF00019
L32608.1/283-376,GGCUGGUCCGAUGGUAGUGGGUUAUCAGAACUUAUUAACAUUAGUGUCACUAAAGUUGGUAUACAACCCCCCACUGCUAAAUUUGACUGGCUUU,RF00019
AF188753.1/176-259,GGUUGGUCCGCGAGUAGUGGUGUUUACAACUAAUUGAUCACAACCAGUUACAGAUUUCUUUGUUCCUUCUCCACUCCCACUGCU,RF00019
U34828.1/1-110,GGCUGGUCCGAAGGUAGUGAGUUAUCUCAAUUGAUUGUUCACAGUCAGUUACAGAUUGAACUCCUGUUCUACACUUUCCCCCCUUCUCACUACUGCACUUGACUAGUCUU,RF00019
K01564.1/1-77,AGUUGGUCCGAGUGUUGUGGGUUAUUGUUAAGUUGAUUUAACAUUGUCUCCCCCCACAACCGCGCUUGACUAGCUUG,RF00019
L15431.1/36-134,GGCUGGUCCGAAGGCAGUGGUUGCCACCAUUAAUUGAUUACAGACAGUUACAGACUUCUUUGUUCUUCUCCCCUCCCACUGCUUCCCUUGACUAGCCUU,RF00019
U34827.1/1-100,GGUUGGUCCGAGAGUAGUGGUGUUUACAACUAAUUGAUCACAACCAGUUACAGAUUUCUUUGUUCCUUCUCCGCUCCCACUGCUUCACUUGACCAGCCUU,RF00019
K01562.1/1-110,GGCUGGUCGAAGGUAGUGAGUUAUCUCAAUUGAUUGUUCACAGUCAGUUACAGAUCGAACUCCUUGUUCUACUCUUUCCCCCCUUCUCACUACUGCACUUGACUAGUCUU,RF00019
L15432.1/36-124,GGUUGGUCCGAAAGUUGUGGGUUAUCCAAAUCAUUCAGUUAGUAUCACUAACCUUCUAUUUCACCCCACUGCUGACCUUGACUGGCCAA,RF00019
L27537.1/1-96,GGCUGGUCCGAAAGUAGUGGGUUAUCACAGAAAUUAUUACAGUUAGUUUCACUAACCUUUCUAAGUUCCACCCCACUGCUAACCUUGACUGGUCUU,RF00019
K01563.1/1-100,GGCUGGUCCGAGUGCAGUGGUGUUUACAACUAAUUGAUCACAACCAGUUACAGAUUUCUUUGUUCCUUCUCCACUCCCACUGCUUCACUUGACUAGCCUU,RF00019
X69719.1/5-114,GGCUGGUUGGAAGGUAGUGAGUUAUCUCAAUUGAUUAUUCACAGUCCGCUACAGAUUGAACUCCUGUUCUAUACUUUUUCCACUUCUCACUUCUGCACAUGACUAAGGAU,RF00019
U94704.1/1-75,AGUUGGUCCGAAGGUUGUGGGUUAUCGUUAUUGAUUUAACAUUGUCUCCCCCCACACCCCCUCUUGACUAGCUUU,RF00019
U94705.1/86-160,AGUUGGUCCGAAGGUUGUGGGUUAUCGUUAUUGAUUUAAUAUUGUCUCCCCCCACACCCCCUCUUGACUAGCUUU,RF00019
L27530.1/1-99,GGCUGGUCCGAUUGCAGUGGUACUUAUAAUUAAUUGAUCACAGUCAGUUACAGGUUUCUUUGUUCUUUCUCCACUCCCACUGCUUCACUUGACUAGUCU,RF00019
X57566.1/1-93,GGCUGGUCCGAUGGUAGUGGGUUAUCAGAACUUAUUAACAUUAGUGUCACUAAAGUUGGUAUACAACCCCCCACUGCUAAAUUUGACUGGCGU,RF00019
AE000035.2/1434-1820,GGGGAUGUAGAGGUUUUGACAUAAUGUUGAAAGGAAAACAGUUGCAGUGGGGUAUGCCCCUUACAGCUCUAGGUAUAAUAACCGACAAAAAUAACGACGAAGUUUUGGUAGAUCCAAUGUUGAUCGCUAACCAACAAGCAAGUAUCAACUACGCUUUCGCUUAGAACAUACUAAAGCUACACGAAUUGAAUCGCCAUAGUUUGGUUCGUGUCACAGUUUAUGGCUCGGGGUUAACUGGUUCAACUUAAUCCUUAAAUUAUGAACUUAUCGUUUACUUGUUUGUCUUAUGAUCUAAAGUAAGCGAGACAUUAAAACAUAAGACUAAACUGUAGAAGCUGUUUUACCAAUCCUUUAUGGAAACGGGUUCGAUUCCCGUCAUCUCCACCA,RF00023
Z67753.1/95843-96210,GGGGCUGACUUGGUUUCGACAUUUAAAAAUUGUUACAGUAUGAUGCAGGUCGAAGUUUCUAAUCUUCGUAAAAAAAGAGAAAUUUAUAAUAAAUGCUAAUAAUUUAAUUUCUUCUGUGUUUAAAAGUUUAUCAACUAAGCAAAAUAGUUUAAAUUUAAGUUUUGCUGUUUAAGUUUUAUGCACAUUUAAUGAUCUAGUAAAUAACUUUGUUCGCUAUAAUUUAUAUUUAUAACUAGACUUUUGUCUUUUUUAUAGUUUAGAAUAACUUUAUCAUUUCAAACCUCGUUCCAUCUAGUUGAACUAAACCUGUGAACGAAUACUAUAAUAAAAUUUUUAGAUGGACGUGGGUUCGACUCCCAUCAGCUCCA,RF00023
AE002296.1/3595-3178,GGGGGUGUAAAGGUUUCGACUUAGAAAUGAAGCGUUAAUUGCAUGCGGAGGGCGUUGGCUGGCCUCCUAAAAAGCCGACAAAACAAUAAAUGCCGAACCUAAGGCUGAAUGCGAAAUUAUCAGCUUCGCUGAUCUUAAUGAUCUAAGAGUUGCUGCUUAAUUAGCAAAGUUGUUACCUAAGUACUGGUAACCCGGUGUUCGCGAGCUCCACCAGAGGUUUUCGAAACGCCGUCAUUUAUCUGGUUAGAAUUAGGGCCUUUUAACUCUCAAGGGAACUAAUUUGAAUUUUAAUGAGAGUCGUUGGUCUCUAUAGAGGUUUCUAGCUGAGGAGAUAUAACGUAAAAUAUUCUAGAAACUAAGCAUGUAGAGGUUAGCGGGGAGUUUACUAAGGACGAGAGUUCGAAUCUCUCCACCUCCA,RF00023
AB003477.1/1390-1780,GGGGCUGUAAUGGUUUCGACGUGUUGGUGAAUCCUUCACCGUGAUUCAGGCCGAGAGGGAGUCCACUCUCGUAAAUCCAGGCUCAACCAAAAGUAACUGCGAACAACAUCGUUCCUUUCGCUCGUAAGGCUGCUCCUGUAGCUGCUUAAACGCCACAAACUUUCUGGCUCGAGCGUCUAGUCGUAGACUCCGUUAAUACGCCUAGACUUAAACCCCCAACGGAUGCUCGAGUGGCGGCCUCAGGUCCGUCCUCUCGCUAAGCAAAAACCUGAGCAUCCCGCCAACGGGGAUAAUCGUUGGCUCCCGCACAGUGGGUCAACCGUGCUAAGCCUGUGAACGAGCGGAAAGUUACUAGUCAAUGCGGACAGCGGUUCGAUUCCGCUCAGCUCCA,RF00023
S67602.1/1-411,GGGGAUGUCAUGGAUUUGACAGGAUAUCUUUAGUACAUAUAAGCAGUAGUGUUGUAGACUAUAAAUACUACUAGGUUUAAAAAAACGCAAAUAAAAACGAAGAAACUUUUGAAAUGCCAGCAUUUAUGAUGAAUAAUGCAUCAGCUGGAGCAAACUUUAUGUUUGCUUAAUAACUACUAGUUUAGUUAUAGUAUUUCACGAAUUAUAGAUAUUUUAAGCUUUAUUUAUAACCGUAUUACCCAAGCUUAAUAGAAUAUAUGAUUGCAAUAAAUAUAUUUGAAAUCUAAUUGCAAAUGAUAUUUAACCUUUAGUUAAUUUUAGUUAAAUAUUUUAAUUAGAAAAUUAACUAAACUGUAGAAAGUAUGUAUUAAUAUAUCUUGGACGCGAGUUCGAUUCUCGCCAUCUCCACCA,RF00023
AE011783.1/5129-4733,GGGGGUGCACUGGUUUCGACGGGGGUCGCGAAGUCGCUUGGCGCAUGCCGAGGGGGCAGCUUUCCUCGUUAAUCCAGCAGCAAACUUUUAGUUGCCAACGAUGACAACUACGGUUCGGACUUCGCUAUCGCCGCUUAAUUGGCUUUAGUUGUAGUUCUACAGCCGCCUAAGGCGAACCCCCGAACCUACUUGUGCCCGUGCUCGUAGGUGUAGGGUCAUUAUCACGGAACCAUCGGUAGUGGCUGCCUGUCAGCUACCGGUCAGAUAAAGCAGGCUGGUUUCCAGGUGCGCUUUGCCAACCGUGCUGCCUGGGAACGAGAUCUAACGGAGGGCUAAGCAUGUAGUGCUGGGGAUGGAGUGCUUCCGGACGGCGGUUCGAUUCCGCCCACCUCCACCA,RF00023
D90888.1/18478-18840,GGGGCUGAUUCUGGAUUCGACGGGAUUUGCGAAACCCAAGGUGCAUGCCGAGGGGCGGUUGGCCUCGUAAAAAGCCGCAAAAAAUAGUCGCAAACGACGAAAACUACGCUUUAGCAGCUUAAUAACCUGCUUAGAGCCCUCUCUCCCUAGCCUCCGCUCUUAGGACGGGGAUCAAGAGAGGUCAAACCCAAAAGAGAUCGCGUGGAAGCCCUGCCUGGGGUUGAAGCGUUAAAACUUAAUCAGGCUAGUUUGUUAGUGGCGUGUCCGUCCGCAGCUGGCAAGCGAAUGUAAAGACUGACUAAGCAUGUAGUACCGAGGAUGUAGGAAUUUCGGACGCGGGUUCAACUCCCGCCAGCUCCACCA,RF00023
U68079.1/22-383,GUGGGUUGCAAAACCGGAAGUGCAUGCCGAGAAGGAGAUCUCUCGUAAAUAAGACUCAAUUAAAUAUAAAUGCAAACGAUGAAAACUUUGCUGGUGGGGAAGCUAUCGCUGCCUAAUAAGCACUUUAGUUAAACCAUCACUGUGUACUGGCCAAUAAACCCAGUAUCCCGUUCGACCGAGCCCGCUUAUCGGUAUCGAAUCAACGGUCAUAAGAGAUAAGCUAGCGUCCUAAUCUAUCCCGGGUUAUGGCGCGAAACUCAGGGAAUCGCUGUGUAUCAUCCUGCCCGUCGGAGGAGCCACAGUUAAAUUCAAAAGACAAGGCUAUGCAUGUAGAGCUAAAGGCAGAGGACUUGCGGACGCGG,RF00023
AE002154.1/2543-2131,GGGGAUGUCACGGUUUCGACGUGACACAUUAAUUUUUAAUUGCAGUGGGGUUAGCCCCUUAUCGCUUUCGAGGCAUUUUAAAUGCAGAAAAUAAAAAAUCUUCUGAAGUAGAAUUAAACCCAGCGUUUAUGGCUUCAGCUACUAAUGCAAACUACGCUUUUGCGUACUAAUUAGUUAUUAGUAGAAACGUUCAUUAACAUAAUUACUAUUGGUUGGUUUUUGGGCUUAUUUUACAAUAGUUUUAAAUUUAAAAUUCUUAUUUGUUGUUUAAAUUUAAAUAGAUUUAACAAAUAGUUAGUUAAUUUUAAAUUUGUUUUAUUAGUUAUUAACUACACUAUUUUUAAUAAAACUAAACUGUAGAUAUUAUUAAUUAUGUGUUGCGGAAAGGGGUUCGACUCCCCUCAUCUCCACCA,RF00023
AE012247.1/3390-2994,GGGGGUGCACUGGUUUCGACGGGGGUCGCGAAGUCGCUUGGCGCAUGCCGAGGGGGCAGCUUUCCUCGUUAAUCCAGCAGCAAACUUUUAGUUGCCAACGACGACAACUACGGUUCGGACUUCGCUAUCGCCGCUUAAUUGGCUUUAGUUGUAGUUCUACAGCCGCCUAAGGCGAACCCCCGAAACUACUUGUGCCCGUGCUCGUAGAUGUAGGGUCAUUAUCACGGAACCGCCGGUAGUGGCUGCCUGUCAGCUAUCGGUUAGAUCAAGCAGGCUGGUUUUCAGGUGCGCUUUGCCCGCCGUGCUGCCUGGGAACGAGAUCUAACGGAGGGAUAAGCAUGUAGUGCUGGGGAUGGAGUGCUUCCGGACGGCGGUUCGAUUCCGCCCACCUCCACCA,RF00023
AE001939.1/5041-5389,GGGGGUGACCCGGUUUCGACAGGGGAACUGAAGGUGAUGUUGCGUGUCGAGGUGCCGUUGGCCUCGUAAACAAACGGCAAAGCCAUUUAACUGGCAACCAGAACUACGCUCUCGCUGCUUAAGUGAGAUGACGACCGUGCAGCCCGGCCUUUGGCGUCGCGGAAGUCACUAAAAAAGAAGGCUAGCCCAGGCGAUUCUCCAUAGCCGACGGCGAAACUUUAUGGAGCUACGGCCUGCGAGAACCUGCCCACUGGUGAGCGCCGGCCCGACAAUCAAACAGUGGGAUACACACGUAGACGCACGCUGGACGGACCUUUGGACGGCGGUUCGACUCCGCCCACCUCCACCA,RF00023
Z99121.2/35763-35404,GGGGACGUUACGGAUUCGACAGGGAUGGAUCGAGCUUGAGCUGCGAGCCGAGAGGCGAUCUCGUAAACACGCACUUAAAUAUAACUGGCAAAACUAACAGUUUUAACCAAAACGUAGCAUUAGCUGCCUAAUAAGCGCAGCGAGCUCUUCCUGACAUUGCCUAUGUGUCUGUGAAGAGCACAUCCAAGUAGGCUACGCUUGCGUUCCCGUCUGAGAACGUAAGAAGAGAUGAACAGACUAGCUCUCGGAAGGCCCGCCCGCAGGCAAGAAGAUGAGUGAAACCAUAAAUAUGCAGGCUACGCUCGUAGACGCUUAAGUAAUCGAUGUUUCUGGACGUGGGUUCGACUCCCACCGUCUCCA,RF00023
AP001118.1/202977-202612,GGGGCUGUUUUUGGAUUUGACAAAAUUAUCAACAAAGUAAAGUGCAUGCCGAGGAACGGUUUGCCUCGAUAAAAGCCGUAAAAAAAUAAUUGCAAAUAAUAAACAAAACUACGCUUUAGCAGCUUAAAAAACUGAAUAAAGCCCUUCCUUCUUAUCCUCCUUCUCUUAGGAUGAGAAAACAGGAAGGUCAGAAAAAGAGAAAAACGUGGAUAUCAAGCUUGACGAUAACACGAAGUAGUUUUUUCAAGCUAUAUACCUAAUAUGUGUUUUUCCAAAUUAGGUAAUGAAUUCAAUAAAGAAAAAACUAAGCAUGUAGGGCUUUAUUAGUAGAAAUUUUGGACGCGGGUUCGAAUCCCGCCAGCUCCA,RF00023
AE001118.1/7347-6989,GGGGAUGUUUUGGAUUUGACUGAAAAUGUUAAUAUUGUAAGUUGCAGGCAGAGGGAAUCUCUUAAAACUUCUAAAAUAAAUGCAAAAAAUAAUAACUUUACAAGCUCAAAUCUUGUAAUGGCUGCUUAAGUUAGCAGAGGGUUUUGUUGAAUUUGGCUUUGAGGUUCACUUAUACUCUUUUCGACAUCAAAGCUUGCUUAAAAAUGUUUUCAAGUUGAUUUUUAGGGACUUUUAUACUUGAGAGCAAUUUGGUGGUUUGCUAGUAUUUCCAAACCAUAUUGCUUAAUAAAAUACUAGAUAAGCUUGUAGAAGCUUAUAGUAUUAUUUUUAGGACGCGGGUUCAAUUCCCGCCAUCUCCA,RF00023
AP003190.2/21404-21044,GGGGGCGUUUUGGCUUCGACGGGGGUAAGAUGGGUUUGAUAAGCGAGUCGAGGGAAGCAUGGUGCCUCGAUAAUAAAGUAUGCAUUAAAGAUAAACGCAGAAGAUAAUUUUGCAUUAGCAGCUUAAUUUAGCGCUGCUCAUCCUUCCUCAAUUGCCCACGGUUGAGAGUAAGGGUGUCAUUUAAAAGUGGGGAACCGAGCCUAGCAAAGCUUUGAGCUAGGAACGGAAUUUAUGAAGCUUACCAAAGAGAAAGUUUGUCUGUGGACGUUCUCUGAGGGAAUUUUAAAACACAAGACUACACUCGUAGAAAGUCUUACUGGUCUGCUUUCGGACACGGGUUCGACACCCGUCGCCUCCACCA,RF00023
AE001503.1/7009-6624,GGGGCUGACUUGGAUUUCGACAGAUUUCUUGUCGCACAGAUAGCAUGCCAAGCGCUGCUUGUAAAACAGCAACAAAAAUAACUGUAAACAACGCAGAUUACGCUCCAGCUUACGCUAAAGCUGCGUGAGUUAAUCUCCUUUUGGAGCUGGACUGAUUAGAAUUUCUAGCGUUUUAAUCGCUCCAUAACCUUAAGCUAGACGCUUUUAAAAGGUGGUUCGCCUUUUAAACUAAGAAACAAGAACUCUUGAAACUAUCUCAAGGUUUUAGAAAGUUGGACCAGAACUAGUUUUAAGGCUAAAAAGCUAAUCAAUUUUCUAAGCAUUGUAGAAGUUUGUGUUUAGGACAAGAUUUUUGGACUGGGGUUCGAUUCCCCACAGCUCCACCA,RF00023
AE004517.1/7001-6649,GGGGCCGAUUAGGAUUCGACGCCGGUAACAAAACUUGAGGGGCAUGCCGAGCUGGUAGCAGAACUCGUAAAUUCGCUGCUGCAAACUUAUAGUUGCCAACGACGACAACUACGCUCUAGCUGCUUAAUGCGGCUAGCAGUCGCUAGGGGAUGCCUGUAAACCCGAAACGACUGUCAGAUAGAACAGGAUCGCCGCCAAGUUCGCUGUAGACGUAACGGCUAAAACUCAUACAGCUCGCUCCAAGCACCCUGCCACUCGGGCGGCGCGGAGUUAACUCAGUAGAGCUGGCUAAGCAUGUAGAACCGAUAGCGGAGAGCUGGCGGACGGGGGUUCAAAUCCCCCCGGCUCCACCA,RF00023
AL139078.2/71393-71035,GGGAGCGACUUGGCUUCGACAGGAGUAAGUCUGCUUAGAUGGCAUGUCGCUUUGGGCAAAGCGUAAAAAGCCCAAAUAAAAUUAAACGCAAACAACGUUAAAUUCGCUCCUGCUUACGCUAAAGCUGCGUAAGUUCAGUUGAGCCUGAAAUUUAAGUCAUACUAUCUAGCUUAAUUUUCGGUCAUUUUUGAUAGUGUAGCCUUGCGUUUGACAAGCGUUGAGGUGAAAUAAAGUCUUAGCCUUGCUUUUGAGUUUUGGAAGAUGAGCGAAGUAGGGUGAAGUAGUCAUCUUUGCUAAGCAUGUAGAGGUCUUUGUGGGAUUAUUUUUGGACAGGGGUUCGAUUCCCCUCGCUUCCACCA,RF00023
AL583919.1/121055-121422,GGGGCUGAAAGGUUUCGACUUCGCGCAUCGAAUCAAGGGAAGCGUGCCGGUGCAGGCAAGAGACCACCGUAAGCGUCGUUGCAGCAAUAUAAGCGCCGAUUCAUAUCAGCGCGACUAUGCUCUCGCUGCCUAAGCGAUGGCUAGUCUGUCAGACCGGGAACGCCCUCGUCCCGGAGCCUGGCAUCAGCUAGAGGGAUCUACCGAUGGGUUCGGUCGCGGGACUCGUCGGGACACCAACCGCGACUGGGAUCGUCAUCCUGGCUAGUUCGCGUGAUCAGGAGAUCCGAGUAGAGGCAUAGCGAACUACGCACGGAGAAGCCUUGAGGGAAAUGCCGUAGGACCCGGGUUCGAUUCCCGGCAGCUCCACC,RF00023
AL162755.2/165198-164836,GGGGGCGACCUUGGUUUCGACGGGGGUUGCGAAGCAGAUGCGGGCAUACCGGGGUCUCAGAUUCCCGUAAAACACUGAAUUCAAAUAGUCGCAAACGACGAAACUUACGCUUUAGCCGCUUAAGGCUAGCCGUUGCAGCAGUCGGUCAAUGGGCUGUGUGGCGAAAGCCACCGCAACGUCAUCUUACAUUGACUGGUUUCCUGCCGGGUUAUUUGGCAGGAAAUGAGAUUUAAGGUAACUGGUUUCCAAAAGGCCUGUUGGUCGGCAUGAUGGAAAUAAGAUUUUCAAAUAGACACAACUAAGUAUGUAGAACGCUUUGUAGAGGACUUUCGGACGGGGGUUCGAUUCCCCCCGCCUCCACCA,RF00023
AE004170.1/3459-3093,GGGGCUGAUUCAGGAUUCGACGGGAAUUUUGCAGUCUGAGGUGCAUGCCGAGGUGCGGUAGGCCUCGUUAACAAACCGCAAAAAAAUAGUCGCAAACGACGAAAACUACGCACUAGCAGCUUAAUACCCUGCUCAGAGCCCUUCCUCCCUAGCUUCCGCUUGUAAGACGGGGAAAUCAGGAAGGUCAAACCAAAUCAAGCUGGCGUGGAUUCCCCCACCUGAGGGAUGAAGCGCGAGAUCUAAUUCAGGUUAGCCAUUCGUUAGCGUGUCGGUUCGCAGGCGGUGGUGAAAUUAAAGAUCGACUAAGCAUGUAGUACCAAAGAUGAAUGGUUUUCGGACGGGGGUUCAACUCCCCCCAGCUCCACCA,RF00023
U32808.1/436-71,GGGGCUGAUUCUGGAUUCGACGGGAUUAGCGAAGCCCAAGGUGCACGUCGAGGUGCGGUAGGCCUCGUAAAUAAACCGCAAAAAAAUAGUCGCAAACGACGAACAAUACGCUUUAGCAGCUUAAUAACCUGCAUUUAGCCUUCGCGCUCCAGCUUCCGCUCGUAAGACGGGGAUAACGCGGAGUCAAACCAAAACGAGAUCGUGUGGAAGCCACCGUUUGAGGAUCGAAGCACUAAAUUGAAUCAAACUAGCUUAAGUUUAGCGUGUCUGUCCGCAUGCUUAAGUGAAAUUAAAGACGAGACUAAACGUGUAGUACUGAAGGUAGAGUAAUUUCGGACGGGGGUUCAACUCCCCCCAGCUCCACCA,RF00023
AC074317.5/11254-10896,GGGGACGUUCAUGGAUUCGACAGGGGUCCCCCGAGCUCAUUAAGCGUGUCGGAGGGUUGUCUUCGUCAUCAACACACACAGUUUAUAAUAACUGGCAAAUCAAACAAUAAUUUCGCAGUAGCUGCCUAAUCGCACUCUGCAUCGCCUAACAGCAUUUCCUAUGUGCUGUUAACGCGAUUCAACCUUAAUAGGAUAUGCUAAACACUGCCGUUUGAAGUCUGUUUAGAAGAAACUUAAUCAAACUAGCAUCAUGUUGGUUGUUUAUCACUUUUCAUGAUGCGAAACCUAUCGAUAAACUACACACGUAGAAAGAUGUGUAUCAGGACCUUUGGACGCGGGUUCAAAUCCCGCCGUCUCCA,RF00023
U39713.1/7687-8074,GGGGAUGUUUUGGGUUUGACAUAAUGCUGAUAGACAAACAGUAGCAUUGGGGUAUGCCCCUUACAGCGCUAGGUUCAAUAACCGACAAAGAAAAUAACGAAGUGUUGGUAGAACCAAAUUUGAUCAUUAACCAACAAGCAAGUGUUAACUUUGCUUUUGCAUAAGUAGAUACUAAAGCUACAGCUGGUGAAUAGUCAUAGUUUGCUAGCUGUCAUAGUUUAUGACUCGAGGUUAAAUCGUUCAAUUUAACCUUUAAAAAUAGAACUUGUUGUUUCCAUGAUUGUUUUGUGAUCAAUUGGAAACAAGACAAAAAUCCACAAAACUAAAAUGUAGAAGCUGUUUGUUGUGUCCUUUAUGGAAACGGGUUCGAUUCCCGUCAUCUCCACCA,RF00023
AE002452.1/5751-5389,GGGGGCGACCUUGGUUUCGACGAGGGUUGCGAAGCAGAUGCGGGCAUACCGGGGUCUCAGAUUCCCGUAAAACACUGAAUUCAAAUAGUCGCAAACGACGAAACUUACGCUUUAGCCGCUUAAGGCUAGCCGUUGCAGCAGUCGGUCAAUGGGCUGUGUGGCGAAAGCCACCGCAACGUCAUCUUACAUUGACUGGUUUCCUACCGGGUUACUUGGCAGGAAAUAAGACUUAAGGUAACUGGUUUCCAAAAGGCCUGUUGGUCGGCAUGAUGGAAAUAAGAUUUUCAAAUAGACACAACUAAGUAUGUAGAACGCUUUGUAGAGGACUUUCGGACGGGGGUUCGAUUCCCCCCGCCUCCACCA,RF00023
AL445565.1/151623-152009,GGGGAUGUAAUGGUUUCGACAGGCAUUUAUAACCUUAUAAUGCAGUAGUUUGGCAGACUAUAAUGCUACUAGGCGUUUCAAUAAACGGAACAAAAAAACAAGAAAAUGACUAUCAAGAUUUAAUGAUUAGUCAAAAUCUAAACCAAAAUCUAGCUUUUGCUAGCGUUUAGCAGCUAGUUGCUCCAUUAUAUGUUCUGGAUAAUGGAAGCAUGCCUAAGAACUUAGUGAAGUUGCUCUAGCGUCAAUUUCAUGAAAUUUAGCUAGUUGAUUUAAUAGAAUUUUGUUCAAUUUUUUCUAUUAAAUCAACAAUUAAAAAUUGGAAUAAACUGUAGAUUUAUAAGCAUUGUGAAUGUGUGGACCCGGGUUCGACUCCCGGCAUUUCCACCA,RF00023
AL646061.1/130228-129869,GGGGCCGACCUGGUUUCGACGUGGGUUGCGAAGCAGUAGCGGGCAUACCGAGGACCCGUCACCUCGUUAAUCAAUGGGAACGCAAUAACUGCUAACGACAACCGUUACCAGCUGGCCGCUUAAUUGCGCGCCGUCCUCGCACUAGCUUGCCGAUAGGCUAGGGCCGCAAGGCCACGCGAGGUCAUUCAUAUCGGAUCGCUUCGGCCGGUGUCACGACGGCCGGGGUUAACUCCAAGUGACUCGUCGUCGCGCAGCGUGUUCGUCCGCGUCGCGCCGGUUAAAUCAAAUGACUGAACUAAGUAUGUAGAACGCUCUGUAGAGGACUUGCGGACGCGGGUUCGAUUCCCGCCGGCUCCACCA,RF00023
AE005491.1/9259-9621,GGGGCUGAUUCUGGAUUCGACGGGAUUUGCGAAACCCAAGGUGCAUGCCGAGGGGCGGUUGGCCUCGUAAAAAGCCGCAAAAAAUAGUCGCAAACGACGAAAACUACGCUUUAGCAGCUUAAUAACCUGCUUAGAGCCCUCUCUCCCUAGCCUCCGCUCUUAGGACGGGGAUCAAGAGAGGUCAAACCCAAAAGAGAUCGCGUGGAAGCCCUGCCUGGGGUUGAAGCGUUAAAACUUAAUCAGGCUAGUUUGUUAGUGGCGUGUCCGUCCGCAGCUGGCAAGCGAAUGUAAAGACUGACUAAGCAUGUAGUACCGAGGACGUAGGAAUUUCGGACGCGGGUUCAACUCCCGCCAGCUCCACCA,RF00023
AL627276.1/57262-57624,GGGGCUGAUUCUGGAUUCGACGGGAUUUGCGAAACCCAAGGUGCAUGCCGAGGGGCGGUUGGCCUCGUAAAAAGCCGCAAAAAAAUAGUCGCAAACGACGAAACCUACGCUUUAGCAGCUUAAUAACCUGCUUAGAGCCCUCUCUCCCUAGCCUCCGCUCUUAGGACGGGGAUCAAGAGAGGUCAAACCCAAAAGAGAUCGCGCGGAUGCCCUGCCUGGGGUUGAAGCGUUAAAACGAAUCAGGCUAGUCUGGUAGUGGCGUGUCCGUCCGCAGGUGCCAGGCGAAUGUAAAGACUGACUAAGCAUGUAGUACCGAGGAUGUAGGAAUUUCGGACGCGGGUUCAACUCCCGCCAGCUCCACCA,RF00023
D90916.1/46448-46053,GGGGCCGCAAUGGUUUCGACAGGUUGGCGAAAGCUUGCCCGUGAUACAGGUCGAGAGUGAGUCUCCUCUCGCAAAUCAAAGGCUCAAAAAAAAGUAACUGCGAAUAACAUCGUCAGCUUCAAACGGGUAGCCAUAGCAGCCUAGUCUGUAAAAGCUACAUUUUCUUGUCAAAGACCGUUUACUUCUUUUCUGACUCCGUUAAGGAUUAGAGGUUAACCCCAACGGAUGCUUUGUUUGGCUCUUCUCUAGUUAGCUAAACAAUCAAGACUCAGACUAGAGCAUCCCACCAUCAGGGAUAAUCGAUGGUCCCCGUCCUAGGGCUAGAAGGACUAAACCUGUGAAUGAGCGGAAAGUUAAUACCCAGUUUGGACAGCAGUUCAAUUCUGCUCGGCUCCA,RF00023
Y15063.1/86-434,GGGGGUGAAACGGUCUCGACGGGGGUCGCCGAGGGCGUGGCUGCGCGCCGAGGUGCGGGUGGCCUCGUAAAAACCCGCAACGGCAUAACUGCCAACACCAACUACGCUCUCGCGGCUUAAUGACCGCGACCUCGCCCGGUAGCCCUGCCGGGGGCUCACCGGAAGCGGGGACACAAACCCGGCUAGCCCGGGGCCACGCCCUCUAACCCCGGGCGAAGCUUGAAGGGGGCUCGCUCCUGGCCGCCCGUCCGCGGGCCAAGCCAGGAGGACACGCGAAACGCGGACUACGCGCGUAGAGGCCCGCCGUAGAGACCUUCGGACGGGGGUUCGACUCCCCCCACCUCCACCA,RF00023
AE013063.1/8484-8834,GGGGGUGUGUUGGUUUCGACGGGGGCGGUCGAGGUAAAAGUAGCGAGCCGAGUUCUCCACCAGCUCGUAAAAAAGGUGGAAAAAAAUAAACGCAGACAGAGAACUCGCUUACGCUGCCUAAUUAAAGGCGGCCGUCCAGCCUGAAAUGCCCACGUUUCAGGACUGGGCGUCAAAAGAGUGGGGAACUGGUUUUGCCUGCGCCUCGGGGCAAAACCGGAAUAAUGAGGCUACCGAAGCGGUUAUCCUGUCGCUGGGAGAACCGCUGAGGGAAAGCUAAAACAGCGACUGCGCUCGGAGAAGCUUUUACCGGGACGCCUUCGGACCGGGGUUCGAAUCCCCGCACCUCCACCA,RF00023
AE006373.1/6190-5835,GGGGGCGUUACGGAUUCGACAGGCAUUGUCGCGCAUGAACUGCAACUGCUGAGGGAUCAGGAUAAUCAUCCGCAGAUAAAUAUAACUGCUAAAAAUAAUACACAAACUUACGCAAUGGCAGCCUAAACAGCACCAUGCGUGCCUGAUUUUUGCUCUCUGAUGGCAAUUUGACGGCCUAAACUUUUAGUCAGAUACGUUGUUGUGGAGGCUUGACGCAGCAAAAGAGAUUUAAAGCCCCGCAAAAUGUCGCUGUUUGAGACUGGCUUUGGCAUUUUGUUAAAUUUGAGAAAGUCCUAUGGUUGUAGACGUUGAUGUAGCAAGGUGUUUGGACAGGGGUUCGACUCCCCUCGCCUCCA,RF00023
AE001276.1/9890-9474,GGGGGUGUAAAGGUUUCGACUUAGAAAUGAAGCGUUAAUUGCAUGCGGAGGGCGUUGGCUGGCCUCCUAAAAAGCCGACAAAACAAUAAAUGCCGAACCUAAGGCUGAAUGCGAAAUUAUCAGCUUCGCUGAUCUCGAAGAUCUAAGAGUAGCUGCUUAAUUAGCAAAGUUGUUACCUAAAUACGGGUGACCCGGUGUUCGCGAGCUCCACCAGAGGUUUUCGAAACACCGUCAUGUAUCUGGUUAGAACUUAGGUCCUUUAAUUCUCGAGGAAAUGAGUUUGAAAUUUAAUGAGAGUCGUUAGUCUCUAUAGGGGUUUCUAGCUGAGGAGACAUAACGUAUAGUACCUAGGAACUAAGCAUGUAGAGGUUAGCGGGGAGUUUACUAAGGACGAGAGUUCGACUCUCUCCACCUCCA,RF00023
AE002224.2/6757-7179,GGGGGUGUAUAGGUUUCGACUUGAAAAUGAAGUGUUAAUUGCAUGCGGAGGGCGUUGGCUGGCCUCCUAAAAAGCCAACAAAACAAUAAAUGCCGAACCUAAGGCUGAAUGCGAAAUUAUUAGCUUGUUUGACUCAGUAGAGGAAAGACUAGCUGCUUAAUUAGCAAAAGUUGUUAGCUAGAUAAUCUCUAGGUAACCCGGUAUCUGCGAGCUCCACCAGAGGCUUGCAAAAUACCGUCAUUUAUCUGGUUGGAACUUACUUUCUCUAAUUCUCAAGGAAGUUCGUUCGAGAUUUUUGAGAGUCAUUGGCUGCUAUAGAGGCUUCUAGCUAAGGGAGUCCAAUGUAAACAAUUCUAGAAGAUAAGCAUGUAGAGGUUAGCAGGGAGUUUGUCAAGGACGAGAGUUCGAGUCUCUCCACCUCCA,RF00023
AE000749.1/2436-2090,GGGGGCGGAAAGGAUUCGACGGGGACAGGCGGUCCCCGAGGAGCAGGCCGGGUGGCUCCCGUAACAGCCGCUAAAACAGCUCCCGAAGCUGAACUCGCUCUCGCUGCCUAAUUAAACGGCAGCGCGUCCCCGGUAGGUUUGCGGGUGGCCUACCGGAGGGCGUCAGAGACACCCGCUCGGGCUACUCGGUCGCACGGGGCUGAGUAGCUGACACCUAACCCGUGCUACCCUCGGGGAGCUUGCCCGUGGGCGACCCGAGGGGAAAUCCUGAACACGGGCUAAGCCUGUAGAGCCUCGGAUGUGGCCGCCGUCCUCGGACGCGGGUUCGAUUCCCGCCGCCUCCACCA,RF00023
AF221935.1/112-602,GUCCAGCUGCGGGGAGAAAGUGUCGUUCUCUAACCCUAAUGCGAGGGCAAUGCGGGCCCUUUGUUUAAAGUCCCGUUGUCGCGCGAAGCGGGAGCCCUCGCUGUUUUCUUGGCUAACUUUCAGCGAUGGUGAAAGGGCCUAGCAAAGGUUGGGAAGCGUGAUUUAUUGUUGGUGGGCAGAGAGAAAAAAGUUUCAGCCGCGGCCUCCUCCCCGGCGGCCCAGGACCCCCUGUUGCAACGUGCGAAAUGGCGGCCUCGGCCCCCACCUUUGCUCGCAUGCCCAGCCGAGUAGGCCGCGGUCAGCGCCGGCUUCCACGCCAGUGUGGGGCUUGAUGCUGUCGCGAAGAGUUCGUCUCUGUCAGCCUGGCAGGGGGUGCUACGCAGGGUCGGGGUACGGGGGACAGGGAGAUUAAAUAGCUUGACCAGACGCUAUAACCUGUACUGCAUCUCCCAGAGCUGUGGGACCUGCAAAUCUGCGCUGGUCAUACAUUU,RF00024
AF221938.1/105-569,ACGCGUGGCGGGUGGAAGGCUCCGCUGUGCCUAACCCUAAUCGGGGGAAUUGAUGGUGCUGUCGCCGCGCUCCCUCCGCCCGCCCGCUGUUUUACUCGCUGACUUUCAGCGGGCGAGAGGAGCCGCCCCGGGGGGGAGGCGGGCGGCGGGAGGGGGCCGGGGCGCCGCGGCGGUGGGGGUCGGGGGGGGGAGAGAAAGGGCCGAAAGGGGCUCCGCGGCCAAAAAAACGUCAGCGAGGGGUCCGCUCGCCCCGAUCCGCCCUGGGGUCCCCGCUCGCGUGGCCGCGGUCGGCCGGCACCCGCCAUUGCCGCCGCGAAGAGUUCGCCUCUGUCAGCCUCGGCGGCGCGCGGGAGGUGCGGCGCGCGGCCCCGCGCCCCCAGCAGAGCAAACGGGAGCGGCGCCCCCGGGGUAACCCCCGCGCUCCCCUGCGCCGUGGGGCGCGCGGACGGCGUCGCUCCCACACGC,RF00024
AF221915.1/120-667,UCACAUUGCUGCGGGGUGGAGGCGUUUUUAACUAACCCUAAUGCAGAGUAAGUGGCUGGGCCUUCCUCACACUGCCUCCCGCUGCGUGAAACCUCGCUGUUUUCUUGGCUAACUUUCAGCGAGGUGAGGCAAGGCGGCAAAAAAAAGUUGGGAGCAGCAACGGCAAGCAAAAAAAAAGUUCCAGCCGAGGCCUCCUCACCACGCGGCCUGGGUCUGAGGGUAACAUGGCCCUGCGGGAGAGAGCCAACACGGGGGGGCCCCGGUCCGGCUAACAGGGCAGGAGGUCGGCCCCAAUUGCCUCAGGCCCAGCCACUCCGGGCCGCGAUCAGCCCGGGCUUUCCCUACUUUGGGGCCCAAUGCUGUCGCGAAGAGUUCGGCUCUGUCAGCCCGGCUGGGUCCGGGUGGGGGCCGGCACAGAGGGACACACCGGGCCGGGGCGCCGAGGAUAGCUACCGCCCGCAGGGAUAGUAAAUAUCCGUGACCAGUGGCCUCGGUGGCUGCGUCUCCCGGAGCAAUGGGACCCGCAAGGCUGCCCUGGUCAUACACGC,RF00024
AF221908.1/136-584,AAUCAGCGUUUAAAGCUCAAUGUGGACGGAGGUCUCUGUUUCGCUAACCCUAAUACACUGGCUUCAGGGCGAUGGCUCUUCGCGGCGGUGCCUGUUGUUUUACUUGCUGACUUUCAGCGGGCACGGAGAGCAAGCGUAGACGACGACUAAAAAACGUCAGCUGGGAGACUCCUCCGUUCGCACAGCCCGACCUGCUCCAUUGCCCAAGAGCCCCGGGUUUUCUCUGUGGAAUGUAUCAGGCGCUCCCCGGUCUGUCUGUCUGGGGCCGCGGUCGGCAUCAUCUGCUGUCGCGAAGAGUUCGUCUCUGUUAGCCCUUGGGGGCCCUGGUGCGGAGUGGAGAGUCCGGGUCUGGGGGGUCGGGAGAACAAAAGGGGGCGCGCUGGUGCUCAGGCUCAGUCAUGCUUUCCCUUAGUUGUGGGAUAUGCGUGUUCAGCCAGUCCCCGACAUGU,RF00024
AF221906.1/96-545,GGGUUGCGGAGGGAGGGCCCGGGAGGGGUGAGCGUCCAUUAUCGUCUAACCCUAACUGAGAUGGGCGUAGGCGCCGCGCUUUUGCUUCCCGCGCGCUGUUUUUCUCGCUGACUUUCAGCGGGCGGAAAAGCCUCGGCCUACUGCCGUCUACUGUCGUAUCUGGAGCAAACAAAAAAUGUCAGCCGCUGGUCCGCUCGCCCCAUCCGGGAACCUGCGGUGGCUCGUCCGCCCUGCCCCCGCGCUCCGCCUAGAGGCCGCGGUCCGCCCGGGGCUUCUCCGGAGGCACCCAAUGCAGCCGCGAAGAGUUAGGCUCUGUCAGCCGCGGAUCCCGCGGGGGCCAAGGGUGAGGCUUAGGCCGCGGGCCGCAGGAAGAAAAACCGAGCGAGUUCUCACGCGCGGUGCGCUUCCCUGAGCUGUGGGUCGUGCGCCUGGGACUCGGCUCAGACACGU,RF00024
AF221932.1/102-549,GGGUUGAGGAGGGUACGCCCGGGAGGGCGGUGGUCUGUUCUGUUCUAACCCUAACUGAUAAGGGCGUAGGCGCCGUGCUUUUGUUCCCCGCGCGUUGUUUUUCUCGCUGACUUUCAGCGGGCGGGAAAAGCCUCGGUCUACCGCCGUCUACCGAUAGCCUGGAGCAAACAAAAAAAUGUCAGCCGCCGGCCGCUCGCCCCUCCCGGGAACCUGCAGUGGCUCGCCCGCCCAGCCCCGCUCCCCGCCUGGAGGCCGCGGUCGGCCUGGGGCUUCUCCGGAGGUUCCCGCUGCCGCCGCGAAGAGUUGGGCUCUGUCAGCCGCGGGUCCCGCGGGAACCAAGGGCGAGGCUGGGGCCUCCUGAACGCAGGGAGAGAAACGGAGCGGUUCCCCGCGUGCGUGCGCUUCCCUGAGUUGUGGGAUGUGCGCUCGGGGCUCAGCUCCGACAGGU,RF00024
AF221918.1/97-547,GGGCUGAGGAGGGUGGGCUCGGGAGGGGCCCGGUCAUUUCUCAUCUAACCCUAACUGAGCAGGGCGUAGGCGCCGCGCUUUUGUUUCCCCGCGCGCUGUUUUUCUCGCUGACUUUCAGCGCGUGGGAAAAGCCUUGGCCUACCGCCGUCCACCGUUCAUUUCGCAGUAAACAAAAAAUGUCAGCCGCUGGCCGGUUCGCCCUUCCCGGGGACCUGCGGUGGCUCGCCCGCCCGGCCCCCGUGCCCCGCCUGAGGCCGCGGUCGGCCCGGGGCUUCUCCGGAGGUGCCCAAUGCCGCCGCGAAGAGUUAGGCUCUGUCAGCCGCGGGUCCCUCGGGGGCCAAGGGCGAGGCGCAGGCCGUCUGGCCGCAGGGAGAGGAACGGAGCGGGUCCCCCAGCGUGGUGCGCUUCCCUGAGCUGUGGGACUUGCACCCGGGACUCGGCUCAAACACGC,RF00024
AF221939.1/99-544,GGGUUGUGGAGGGUGGGCCUGGGAGGGGAAGCGGUCAGUUUUUGUCUAACCCUAACUGAGAAGGGCGUAGGCGCCGCGCUUUUGUUUCCCGCACGCUGUUUUUUUCGCUGACUUUCAGCGGGCGGAAAAGCCUCGGCCUACCGCCGUCCACCGUACAGUUUGGAGCAAACAAAAAAUGUCAGCUGCUGACUUGCUCGCCCCUCCCAGGACCCUGCGGUGGCUCGCCUCCUUAGCCCCCGCGUCCCGCCUAGAGGCCGCGGUCGGCCCGGGGCUUCUCCGGAGGCACCCAUUGCCGUCGCGAAGAGUUGGGCUCUGUCAGCCGCGGGUCCCUUGGGGGGGCCGAGGGCGAGGCUCUGACCGCAGGGAGAGAAACGGGAGCAGGUCCCCGCGCGCGGUGCGCUUCCCUGAGCUGUGGGACUUGCACCCGGGACUGGGCUCAGACACAU,RF00024
AF221919.1/107-614,GUGCGGACGGGCUGCGUGGGCGGGUCGGUCCGUCCUGGCACAUCUAACCCUAAAUGCGCGCUGGUUGAAGUGGCUUCUCCUGGGCGAUCGCUCGCUGUUUUUGUGGCUGGCUUUCAGCGGGCUGGAGGAGCCGGGAGCGGAGGCGGAGGACCGAGCCAAAAACGUCAGCCGAGGCCGGGCGGCCCCGCUCGUGGCCCGUCCGCACUGUCCGGGCCAGGCCCCGGCCCGAACCCCCUGGAGACAACUCCCGCAGGGUCUGCGCUGCGCCGCGGAGCCCCGGCUGCCCACGUAGAGGCGGCGGCCGUCUCGGGGCCCCUGCGUGCGGGGCGCCCACUGCGGCCGCCAAGAGCUCGUCUCUGUCAGCCUCGGGUGCACGUGGGCCCGCGGUCGAGCCCUAAGGCCGGGCGUGGGGCUGGGGUCGCAGGGAGAGUAACCGUGAGCCGGCGCCCAGCCUUCAGGGCGCUCCCUCGAGCUAUGGGAGCUGCCCCCGGGCACGGCUCGGACACCC,RF00024
AF221914.1/112-589,GUCCAGCUGCGGGGGAGACAGUGUCGCUCUCUAACCCUAAUGUGGGGGCAACGCGGGCCCUUUGUUUAAAGUCCCGCUGUCGGGAGCCCUCGCUGUUUUCUUGGCUAACUUUCAGCGAUGGCGAAAGGGCCCAGCAAAGGUUGGGAAGCGUGAUUUAUUGUUGGUGGGCAGAGAGAAAAAAGUUUAAGCCGCGGCCUCCUCCCCGGCGGCCCAGGACCCCCUGUUGCAACGUGCGGAAUGGCGGCCUCGGCCCCCCUGCUGCACGCCCAGCCGUUUAGGCCGCGGUCAGCGCCGGUUUCCACGCCAGUGUGGGGCUUGAUGCUGUCGCGAAGAGUUCGUCUCUGUUAGCCUGGCAGGGUGUGCUACGCAGGGUCGGGGUGCGGAGGGCAGGGAGAUUAAAUAGCUUGACCAGACGCUAUGGCCUGUACUGCAUUUCCCAGAGCUGUGGGACCUGCAAAUCUGCGCUGGUCAUACAUUU,RF00024
AF221927.1/113-556,UCUCUCUGGAGCGGGGCGAUUUCUCUUCCUUCUAACCCUAAUGCGGUGCUUAGGCGACAGUUCUCCGGGUGCGCUCGCUGUUUUUCUGGCUAACUUUCAGCGAGCGGAGAGAGCGAAGCCGUGGUUUACGACGAUAGAGGAGAAAAAAUGUUAGCUGGGGAACGUCCCUUUCCCGAGAGCCCGCGCCAUCCUCUUCCUCGGGCCCAUUGGCGAUAGCCCCCGGCCUCCCUCGCUCACCAGGCCGCGGUCAGCCCGGGCCCUGGCUCUGCUAGGGCGUCCAAUGCUGCCGCGAAGAGUUCGUCUCUGAUUGCCUUGAGGUAGCCGGGCUCGAAUAGGUGGGCUCGCGGCGAUGCGCAGGAAAGAGCAAAACAGUGAACUGGGCGUGUGCUGGGGUCGCGUCCCUGAAGUGUGGGAUGUGCGAUCUGUCCGCUUGUUCAGACAUUG,RF00024
AF221934.1/121-565,UCUCUCCGGAGAGGGGCGGUUUCUCUGUCUUCUAACCCUAAUGCGGUGCUUCGGCAGAAGCUCUCCACUGCGUACGCUCACUGUUUUUCUAGCUAACUUUCAGUGAGCAGGGAGAGCGAAGUCCAGUUUCACGACAACGGAGAAAAAAUGUUAGCUGGGGAACGUCCCUUUCCCGAGAGCCCGCGCCGUCCUUUUUCUUCCUCGGGCCCGUUGGCAUAGCCCCUGGCCUCCUCGCUCUAUAGGCCGCGGUCAGCUCGGGCCCCAGCUCCGGCAGGGGUUCCACUGCUGCCGCGAAGAGUUCGCCUCUGUCAGCCUUGAGGUGGCCGGGAUAGAAUAGGCGGGCUCGCGGCAGCGCGCGGGAAAGAGCAAAUGGUGAACUGGGUGCCUGUUGGGGUCGCGUCCCUGAAGAGUGGGAAGUGCGAUCUGUGUUCCUGUUCAGACACAC,RF00024
AF221921.1/98-548,GGCGGGUUGCGGGAGCUGCGAGCGGCCGUCUCGUCUAACCCUAAAGAGAAAGGCGUAGGUGCUUGGCCUUGGCGACUCGCCCGCUGUUUUUUGGCUGGCUUUCAGCGGGUGAAGAGGCCCAAGACCUACCGCCACCCACCGUCUAGUGUCUUAAGGGCACAAAGUCCUGCCCGCCACCCUUCGAGGAGCGAAACCCAAAAAAGUCAGCCCCUGGCCGCCUCUCGCCCUCUCGCAACCCGCCUCCGUCCCAGCCUCCAUCCCCGCCCCAGGCCGCGGUCGGUCCGGGCUUCUUCGGAAGUCCCGUUGCCGUCGCGAAGAGUUCGCCUCUGUCAGCCGCGGGGCUUGGGGCCAGGGACGGGACCCUGUCCGCAGGGAGAGAAACUGGAGCCGGGCCCUCCACGGUGCCUCCCCGAGCUGUGGGAUCUGCACCCGGGACUCGAACCCUACACUU,RF00024
AF221937.1/99-545,GGGUUGAGAAUGGUGGGCCGGGAGGGGAGGUGGGCAUGUUUUGUCUAACCCUAACUAGGAGGAGGACGUAGGCGCCGUGCUUUUGUUCCCCGCGCGCUGUUUUUCUCGCUGACUUUCAGCGUGCGGAAAAGCCUUGGCCUGCCGUCGACCACUGUCUAAUUAAAAGCAAACAAAAAAUGUCAGCGUGGCCGGUCCGCCCCUCCCGGGUACCUGCGGCAGCUCGCCCGGCUGGCCCCCGAGCCCCGCCCAGGGCCACGGCUGGCGCGGGGCUUCUCCGGGAGCGCCAUGGCCGCCGCGAAGAGUUCGUCUCUGUCAGCCGCGGGUCGCGCGGGGGCCGCGGGGGAGUCCUAGGCCGAGUGGCCGCAGGAAGAGAAACGGAGCCUGUCCCUGUGCACGGGGCGCUUCUCUGAGCUGUGGGAAGUGCCCCGAGACUCGGCUCCUACAAGC,RF00024
AF221933.1/121-679,UCACAUUGCUGCGGGGUGGAGGCGAUUUUAACUAACCCUAAUGCAGAGUAAGUGGCUGGGCCUUCCUCACACUGCCUCCCGCUGCGCGAAACCUCGCUGUUUUCUUGGCUAACUUUCAGCGAGGUGAGGAGAGGCGGCAAAAAAAAAAGGUUGGGAGCAGCAGCGGCAAACAAAAAAAAAAGUUCCAGCCGAGGCCUCCUCACCCCCGCGGCCUGGGUCUGAGGGUAACACGGCCCUGCGGGAGAGAGGCAACACGGGGGCCCCCGGUCCGGCGAACAGGGCAGGAGGUCGGUCCCAAUCGCCUCACAGGCCCAGCCACUCCGGGCCGCGGUCAGCCCGGGGCUUUCCCCCCCACCAUGGGGGCCCAAUGCUGCCGCGAAGAGUUCGGCUCUGUCAGCCCGGCUGGGCCAGGGUGGGGGCCGGCACAGAGGGACACACCGGGCCGGGGCGCCGGGGAUAGCUACCGCCCGCAGGGAUAGCAAAUAUCCGUGACCAGUGGUCUCGGUGGCUGCGUCUCCCGGAGCAAUGGGACCCGCAAGGCUGCCCUGGUCAUACACAU,RF00024
AF221931.1/99-541,GGGUUGCGGAGGGUGGGCUCGGGAGGGGUGGCGGUCAUUUUCUGUCUAACCCUAACUGAAACGGGCGUAGGCGCUGCGCUUUUGUUCCCCGCACGCUGUUUUUCUCGCUGACUUUCAGCGGGCGGAAAAGCCUUGGCCUACUGCCACACACCAUCCAGUUUGGAGCAAACAAAAAAUGUCAGCGGCUGGCCUGCUCGCCCCUCCCGGGAGCCUGCGGCGACUCGCCCGCUUAGCCCCCGCAUCCCGCCUGGAGGCCGCGGUCGGCCCGGGGCUUCUCCGGAGGCACCCAUUGCCGUCGCGAAGAGUUGGGCUCUGUCAGCCGCGGGACCCUUGGGGGCCAAGGGCGAGGCUCUGGCCGCAGGGAGAGAAACGGAGCGGGUCCCCUCGCGCGGUGCGCUUCCCUGAGCUGUGGGACUUGCACCCGGGACUAGGCUCACACACAC,RF00024
AF221920.1/99-541,GGGUUGCGGAGGGUGGGCCCAGGAGCGGUGGCGGCCAUUUUUUAAGUCUAACCCUAACUGAAAGAGGCGUAGGCGCUGCGCUUUUGCUUCACGCGCGCUGUUUUUCUCGCUGACUUUCAGCGGGCGGAAAAGCCUCGGCCUACCGCCAUCCACCAUCCAGUCUGAAACAAACAAAAAAUGUCAGCCUCUGGCUCGCUCACUGCUCCCGGGAACCUGCGGUGGUUCGCCCGCCCAGCCCCCGCGCCCCGCCUGAGGCCGCGGUCGGCCCGGGGCUUCUCCGGAGGCGCCCAUUGCCGCCGCGAAGAGUUGGGCUCUGUCAGCCGCGGGUCCCUCGGGGGCCAAGGCGAGGCUCUGACCGCAGGGAAAGGAACGGAGUUGGUCCCCGCGCGCUGUGCGCUUCCCUAAGCUGUGGGCUGUGCACCUGGGACUCGGCUCAGACACUU,RF00024
AF221912.1/98-564,GGGAGUGGAGGGUGGGCCCGGGACGGGCGCGGACCCGGUAAUCUAACCCUGACUCACAAGAGGCGUAGGCGCCGUGCUUUUGCUCCCCGCGCGCUGUUUUUCUCGCUGACUUUCAGCGUUCGGAAAAGCCCUGUGGCCUAUCGCCAUCCACCAUCCUUUCUGGAACAAACAGACAAAAAAAAAAAUGUCAGCUGCUGGUCCGUUCGCUCCUCCCGGGCCCUGCGGUGGCCGCCAGCCCGCCCUCUCAUCCCCCGCGUCCCGCCUAGAGGCCGCGGUCGGCCCGGGGCUUCUCCGGAGGUGCCCAUUGCCGCCGCGAAGAGUUAGGCUCUGUCAGCCGCGGGCUCUCGGGGGGCCCAGGGCGAGGUUUAGGCCUCGUGGCCGCAGGGACAGCAACGGAGCGGGUCCCCGCGAGCCUGUGCGCGUCCCUGAGCCGUGGGACUUGCACCGGGGACUUUGCUCGGACAAUC,RF00024
AF221923.1/106-554,GGGUUGAGGAUGGCGCCCCCGGGUCGGGCAGUGGUCUUUUUUGUUCUAACCCUAACUGGCAAGGGCGUAGGUGCUGUGCUUUUGUUCCCCGCGCGUUGUUUUUCUCGCUGACUUUCAGCGGGCGGGAAAAGCCCUGGCCUACCGCCGUCUACCGAUAGUUUGGAGCAAACAAAAAAAUGUCAGCCGCUGGCCGCUCACCCCUCCCGGGAACCUGUGGUGGCUCGCCCGCCCAGCCCCGCGCCCCGCCUGGAGGCCGCGGUCGGCCUGGGGCUUCUCCGGAGGUUCCCAUUGCCGCCGCGAAGAGUUAGGCUCUGUCAGCCGCGGGUCCUGCGGGAACCAAGGGCGAGGCUUAGGCCUCCUGAACGCAGGGAGAGAAAUGGAGCGAUUCCCCGAGUACGUGUGCUUCCCUGAGUUGUGGGAUGUGCGUCCGGGACUCAGCUCCGACAGGU,RF00024
AF221910.1/112-554,UGUCAUUCCGGAGAGGGGCGUUUUCUUCUUUCUCUAACCCUAAUGUAUUGCUUGGGCAGCAGCUCUCUCGGUAUGCUCGCUGUUUUGCUGGCUAACUUUCAGCGAGCAGAGGGCGAAGUCGAAUUUCGGACAAGGGAGAAAAAAUGUUAGCCGGGGAACGCCCCUUUCCCGAAUGCCCGUGCCGUCCUUCCUCUCCUCUGGGCCCGUUGGCGAUAGCCCCCGGCCUCCCUCGCUCCUUAGGCCGCGGUCAGUCCGGGCCCUUGCUCUGGCAUGAGGUCCAUUGCUGCCGCGAAGAGUUCGUCUCUGUCAGCCUUGAGGUGGCCAGCAUGGAAUUGGCGGGCUUGUGGCGGCGCGCGGGAAAAAGCAAAUGGUGAACUAGGUGCGUGUUGUGGUCGUGUUCCUGAAGCGUGGAAUGUGCGAUCUGUGCGCUAGUUCAUACACAC,RF00024
AF221930.1/94-546,GGCCGGCGUGCCUGGGAGGGGGGGCUGGUCCCACUCUUCUAACCCUAAGGGUGUCGGCUGUAGGCGCCGUGCUUUUUACUUCCCCGCGCGCUGUUUUUCUGGCUGGCUUUCAGCGAGCGGAAAAAGCUUUGGUCUACAGGCCACUCACUUUGUAUCCCGAAACCAAAUUGAAAAAAAAAAAUGCCAGCUCCGGCCGGUCCACCCCUCCCGGGGUCCUGCGGCCCGGCCGCCCGCCCGAACCCCCCGCGACCCGCCUGAGGCCACGGCCGGCCCGGGGCCUCUGCGGAGGUGCCCAUUGCCGCCGCGAAGAGUUAGGCUCUGUCAGCCGCGGGAUCCGCGCGGGCCGGGCCGCGGCCGGACGCCGAUCCGCAGGGACAGCAACGGAACCGGCCCCUUCGCCCUGUGCGCUUCCCGGAGCUGUGGGAUGAGCACCCGGGGUCGGCUCCUACAGUU,RF00024
AF221907.1/98-548,GGGUUGCGGAGGGUGGGCCUGGGAGGGGUGGUGGCCAUUUUUUGUCUAACCCUAACUGAGAAGGGCGUAGGCGCCGUGCUUUUGCUCCCCGCGCGCUGUUUUUCUCGCUGACUUUCAGCGGGCGGAAAAGCCUCGGCCUGCCGCCUUCCACCGUUCAUUCUAGAGCAAACAAAAAAUGUCAGCUGCUGGCCCGUUCGCCCCUCCCGGGGACCUGCGGCGGGUCGCCUGCCCAGCCCCCGAACCCCGCCUGGAGGCCGCGGUCGGCCCGGGGCUUCUCCGGAGGCACCCACUGCCACCGCGAAGAGUUGGGCUCUGUCAGCCGCGGGUCUCUCGGGGGCGAGGGCGAGGUUCAGGCCUUUCAGGCCGCAGGAAGAGGAACGGAGCGAGUCCCCGCGCGCGGCGCGAUUCCCUGAGCUGUGGGACGUGCACCCAGGACUCGGCUCACACAUGC,RF00024
AF221925.1/98-540,GGGUGGGGGAGAGUGGGUCUGGGCGGGGCGGCGGUCACGUUUUGUCUAACCCUAACUGAGCUGGGCGGAGGCGCCGCGCUUUUGCUCCCCGCGCGCUGUUUUUCUCGCUGACUUUCAGCGGGCGGAAAAGCCUCGGUCUACCGCCACUUACCAUCCAGUCUGGAGUAAACAAAAAAUGUCAGCCGCUGGCUCGCUCGCCCCUCCCGGGACCCUGCGACGGCUCGCCCGCCCAGCCCCCGCGCCCCGCCUGGAGGCCGCGGUCGGCCCGGGGCUUCUCCGGAGGCGCCCAAUGCCGCCGCGAAGAGUUGGGCUCUGUCAGCCGCGGGUGCCUCGGGGGCCAGGGACGAGGCUCUGGCCGCAGGGAGAGGAACGGAGCGGGUCCCCGCGCGCGGUGCGCUUCCCUGAGCUGUGGGACGUGCACCCGGGACUCGGCUCAAACACGU,RF00024
AF221936.1/98-540,GGGUUGCGGAGGGUGGGCCCCGGGUUGGUGGCAGCCAUUUCUCAUCUAACCCUAAUUGAGACAGGCGUAGGCGCUGUGCUUUUGGUUACCGCGCGCUGUUUUUCUCGCUGACUUUCAGCGGGCGGAAAAGCCUCGGCCUACCGCCAUCCACCAUCCAGUCUGCAACAAACAAAAAAUGUCAGCCGCUGGCUCGCUCACCUCUCCCGGGAACCUGCGGUGGUCCGCCCGCCCAGCCCCAGUGCCCCGCCUGAGGCCGCGGUCGGCCCGGUGCUUCUCCGGAGGUGUCCAUUGCCGCCGUGAAGAGUUGGGCUCUGUCAGCCGCGGGUCGCUCGGUGGGCCGAGGCAUGGCUGUAACCGCAGGGAAAGGAACGGAGUGGGGUCCCCGCGCGCGGUGCGCUUCCCUGAGCUGUGGGACUUGCACCCGGGACUCGGCUCAGACAUCC,RF00024
U22352.1/510-657,AAUCCCGCUAUUGCAUUCCAUUUCGAGUCAUUCAACCCCAAAAUUCUAGUACACACUAAAGCUUGCCUUUGGGCAUAUCAGGGGCAGCGGGAGAAUUUAGAAUUUCGACAUGUGGUACACUAUUUAUCUCAUGGAGAUUCUAAUUUUU,RF00025
"'AF417612.1/230-392""",AUACCUCCUGUGGAUCCAUUCAGGAUUAAUGAAAUCCUGUCAUUCAACCCCAAAAAUCUUGUCAAAUUAUUGCCUCGUCUUUUGGGCACAAACAAAAGUCACGCAGGAGGUUCAGACAUUCGACAUAAGAUACACUAUUUAUCUUAUGGAAGGUCUAGUUUUU,RF00025
"'U10570.1/72-259""",GUUCGGCGGAAAUCCGUCAGCUAUAACGCUGUCAAGAAAACCCCAAAACCGUAAAUUGAGAGCAAUUCGCCUGGUUCCUCUUUAAAGUUAAACCAGGAAGCUCCGCCGAACUAGAGGUCGAUAAGGGCUGAGUAAAAUACUGCAUUUGAGAGCUUCUCUCCAUUGCAAAGUCCUCCCUCUCUUCUUUU,RF00025
"'U10565.1/50-238""",AGUUUCUCGAUAAUUGAUCUGUAGAAUCUGUCAAGCAAAACCCCAAAACCUUACACUGAGAGCAUUUAGCCUGAUUACUCUUUAAAUCAAAUCAGGCAAUAGAGAGAAACUCGAGAGGUGAAAACCCCACAGCAUUCUGAAAUGUAUUUGGGAGUAAUCUCAUAUUAGUUUGCUGUCCUCUCAUCUUUU,RF00025
"'U10569.1/28-216""",AGUUCGGCGGAAAUCCGUCAGCUAUAACGCUGUCAAGAAAACCCCAAAACCGUAAAAUGAGAGCAAUUCGCCUGGUUCCUCUUUAAAGUCAAACCAGGAGGCUCCGCCGGACUAGAGGUCGAAAAGGACUGAGUAAAAUACUGCAUUUGAGAGUUUCUCUCCAUUGCAAAGUCCUCCCUCUCUUCUUUU,RF00025
"'AF417609.1/194-352""",AUCCCCGCAAAUUCAUUCUGUUUGCAUUCAAACAGUCAUUCAACCCCAAAAAUCUAGACCAAAUAUUGUCUUCCCUUCUUGGCACAAACAAAGAAGAGACGCGGGAUAAAGAUACUCCGACGAUUGAUACAAUAUUUAUCAACGGGAGGUCUUACUUUU,RF00025
"'U22354.1/218-376""",AUACCCGCACAUUCACUCAAAUCUGUAAUAGACUUGUCAUUCAACCCCAAAAAUCUAGUGCAAAUAUUACCUUCGCCAAUUAGGUACAAUUAAUGGUUCUCGCGGGACAAAAGACUAUCGACAUUUGAUACAUUAUUUAUCAAUGGAUGUCUUAUUUUU,RF00025
"'U10568.1/27-212""",AGUCGGCGGAAAUCAGUCAGUCAUAGCGCUGUCAACAAAACCCCAAAACCGUAAAAUUAGAGCAAUUCGCCUGGUUCCUCUUUAAAGCAAAACCAGGAGGCUCCGCCGACUCAGAGGGCACUGUGGGCUGAGCAAAAUGAAAAUUUGAGAGUUUCUCUCCAUUGCUUAGCCCUACCUCUAUCUUUU,RF00025
"'U22349.1/201-360""",AUACCCGCAUAUCAUUCAGACCCUUUAUGGAACUGUCAUUCAACCCCAAAAAUCUAGUGCAAAUAUUGUCUUAAUUACUUAGGCUAAAAGAAAUAAGUAUUAAAGCGGGACAAGGCAUCGACAUUUGAUACAAAUAUUGAUCAAUGGAUGUCUUAUUUUU,RF00025
"'U22353.1/55-206""",AUACCCGCAAAUUCACUCAAAUCUGUAAUAGGUUUGUCAUUCAACCCCAAAAAUCUAGUGCAAAUAUUACUUUCGCCAAUUAGGUAUAAUAAUGGUAAGCGGGACAAGACUCGACAUUUGAUACACUAUUUAUCAAUGGAUGUCUUUUUUCU,RF00025
"'AF417610.1/220-376""",AUCCCCGCAACUCCAUUCAGUUCGAAAUUGAACUGUCAUUCAACCCCAAAAAUCUAGUAAAAAAUAUUGCCGAAACUUUCAGGCAUUAAGGAAAGUAAAGCGGGAUCAGAUACUCCGACUUGUGAUACACUAUUUAUCACAUGGGAGAUCUAUUUUU,RF00025
"'U10566.1/72-260""",AGUUUCUCGAUAAUUGAUCUGUAGAAUCUGUCAAGCAAAACCCCAAAACCUUACACUGAGAGCAUUUAGCUUGAUUACUCUUUAAAUUAAAUCAGGCAAUAGAGAGAAACUCGAGAGGUGAAAACCCCACAGCAUUCUGAAAUGUAUUUGGGAGUAAUCUCAUAUUGGUUUGCUGUCCUCUCAUCUUUU,RF00025
"'U10567.1/1-190""",AGCUGGUGGAAGUGCGUCAGUCAUAGCACUGUCAACAAAACCCCAAAACCGUAAACUCAGAGCAAUUCGCCUGGUUCCUCUUUAAAGCAAAACCAGGAGGUUCCGCCAGCUACCAGAGGACGAAGUGGGCUAAGUGAAAUGAAAAUUUGAGAGUUUCUCUCCAUCACUUAGCCCCGCCUCUCAUUCUUUU,RF00025
"'U22351.1/82-237""",AUACCCGCAUUUUCAUUCAGAUCUUUAAUGGAGCUGUCAUUCAACCCCAAAAAUCUAGUGCAACUACUGCCUUAACUACUUAGGCAAAAUAAGUCGUAAAGCGGGACAAGGCAUCGACAUUUGAUACAAAUAUUGAUCAAUGGAUAUCUUAUUUUU,RF00025
"'U22350.1/54-211""",AUACCCGCAAAUUCAUUCAGGUCUGUAAUAGAUCUGUCAUUCAACCCCAAAAAUCUAGUGCAAAUAUUACCUUCACCAAUUAGGUAUAAUCAAUGGUAUCGCGGGACAAAAGACUAUCGACAUUUGGUACACUAUUUAUCAAUGGAUGUCUUAUUUUU,RF00025
AF399707.1/2183-2342,AUACCCGCUUAAUUCAUUCAGAUCUGUAAUAGAACUGUCAUUCAACCCCAAAAAUCUAGUGCUGAUAUAACCUUCACCAAUUAGGUUCAAAUAAGUGGUAAUGCGGGACAAAAGACUAUCGACAUUUGAUACACUAUUUAUCAAUGGAUGUCUUAUUUUU,RF00025
